{"title": "腾博会星级VIP，尊享7大特权！", "time": "自2018-05-01起，长期有效", "category": ["all"], "content": "<h1>什么是VIP星级特权？</h1>\r\n\r\n<p>VIP星级特权是【腾博会】针对高级VIP会员贴心定制的一系列星级服务。7项专享特权，为您营造超越以往的非凡体验。</p>\r\n\r\n<h1>如何获取VIP星级特权？</h1>\r\n\r\n<p>会员成功晋级后即可享受星级特权。</p>\r\n\r\n<h1>VIP星级特权：</h1>\r\n\r\n<table border=\"0\" cellpadding=\"0\" cellspacing=\"0\" style=\"width:100%\">\r\n\t<tbody>\r\n\t\t<tr>\r\n\t\t\t<th>&nbsp;</th>\r\n\t\t\t<th>VIP等级</th>\r\n\t\t\t<th>普通VIP</th>\r\n\t\t\t<th>青铜VIP</th>\r\n\t\t\t<th>白银VIP</th>\r\n\t\t\t<th>黄金VIP</th>\r\n\t\t\t<th>钻石VIP</th>\r\n\t\t\t<th>至尊VIP</th>\r\n\t\t</tr>\r\n\t\t<tr>\r\n\t\t\t<td>特权一</td>\r\n\t\t\t<td>VIP周年礼金</td>\r\n\t\t\t<td>58</td>\r\n\t\t\t<td>588</td>\r\n\t\t\t<td>1588</td>\r\n\t\t\t<td>2888</td>\r\n\t\t\t<td>5888</td>\r\n\t\t\t<td>8888</td>\r\n\t\t</tr>\r\n\t\t<tr>\r\n\t\t\t<td>特权二</td>\r\n\t\t\t<td>晋级礼金</td>\r\n\t\t\t<td>无</td>\r\n\t\t\t<td>588</td>\r\n\t\t\t<td>1588</td>\r\n\t\t\t<td>2888</td>\r\n\t\t\t<td>5888</td>\r\n\t\t\t<td>8888</td>\r\n\t\t</tr>\r\n\t\t<tr>\r\n\t\t\t<td>特权三</td>\r\n\t\t\t<td>月度救援金</td>\r\n\t\t\t<td>无</td>\r\n\t\t\t<td>无</td>\r\n\t\t\t<td>负盈利3%</td>\r\n\t\t\t<td>负盈利5%</td>\r\n\t\t\t<td>负盈利6%</td>\r\n\t\t\t<td>负盈利7%</td>\r\n\t\t</tr>\r\n\t\t<tr>\r\n\t\t\t<td>特权四</td>\r\n\t\t\t<td>VIP客户经理</td>\r\n\t\t\t<td>无</td>\r\n\t\t\t<td>无</td>\r\n\t\t\t<td>无</td>\r\n\t\t\t<td>有</td>\r\n\t\t\t<td>有</td>\r\n\t\t\t<td>有</td>\r\n\t\t</tr>\r\n\t\t<tr>\r\n\t\t\t<td>特权五</td>\r\n\t\t\t<td>专属私人线路</td>\r\n\t\t\t<td>无</td>\r\n\t\t\t<td>无</td>\r\n\t\t\t<td>无</td>\r\n\t\t\t<td>有</td>\r\n\t\t\t<td>有</td>\r\n\t\t\t<td>有</td>\r\n\t\t</tr>\r\n\t\t<tr>\r\n\t\t\t<td>特权六</td>\r\n\t\t\t<td>VIP存取款通道</td>\r\n\t\t\t<td>无</td>\r\n\t\t\t<td>有</td>\r\n\t\t\t<td>有</td>\r\n\t\t\t<td>有</td>\r\n\t\t\t<td>有</td>\r\n\t\t\t<td>有</td>\r\n\t\t</tr>\r\n\t\t<tr>\r\n\t\t\t<td>特权七</td>\r\n\t\t\t<td>神秘幸运彩金</td>\r\n\t\t\t<td>无</td>\r\n\t\t\t<td>有</td>\r\n\t\t\t<td>有</td>\r\n\t\t\t<td>有</td>\r\n\t\t\t<td>有</td>\r\n\t\t\t<td>有</td>\r\n\t\t</tr>\r\n\t</tbody>\r\n</table>\r\n\r\n<h1>特权详情：</h1>\r\n\r\n<h1>特权一．VIP周年礼金感恩有你，礼遇更给力</h1>\r\n\r\n<table border=\"0\" cellpadding=\"0\" cellspacing=\"0\" style=\"width:100%\">\r\n\t<tbody>\r\n\t\t<tr>\r\n\t\t\t<th>会员级别</th>\r\n\t\t\t<th>原周年礼金</th>\r\n\t\t\t<th>现VIP周年礼金</th>\r\n\t\t</tr>\r\n\t\t<tr>\r\n\t\t\t<td>普通VIP</td>\r\n\t\t\t<td>58</td>\r\n\t\t\t<td>58</td>\r\n\t\t</tr>\r\n\t\t<tr>\r\n\t\t\t<td>青铜VIP</td>\r\n\t\t\t<td>88</td>\r\n\t\t\t<td>588</td>\r\n\t\t</tr>\r\n\t\t<tr>\r\n\t\t\t<td>白银VIP</td>\r\n\t\t\t<td>188</td>\r\n\t\t\t<td>1588</td>\r\n\t\t</tr>\r\n\t\t<tr>\r\n\t\t\t<td>黄金VIP</td>\r\n\t\t\t<td>288</td>\r\n\t\t\t<td>2888</td>\r\n\t\t</tr>\r\n\t\t<tr>\r\n\t\t\t<td>钻石VIP</td>\r\n\t\t\t<td>888</td>\r\n\t\t\t<td>5888</td>\r\n\t\t</tr>\r\n\t\t<tr>\r\n\t\t\t<td>至尊VIP</td>\r\n\t\t\t<td>1288</td>\r\n\t\t\t<td>8888</td>\r\n\t\t</tr>\r\n\t</tbody>\r\n</table>\r\n\r\n<p>点击<a href=\"https://tbv3.tengbo6888.com/Promotion/06.aspx\" id=\"lookFor1\"><strong>【VIP周年礼金】</strong></a>查看优惠详情。</p>\r\n\r\n<h1>特权二．加码晋级礼金，独享尊贵豪礼</h1>\r\n\r\n<table border=\"0\" cellpadding=\"0\" cellspacing=\"0\" style=\"width:100%\">\r\n\t<tbody>\r\n\t\t<tr>\r\n\t\t\t<th>会员级别</th>\r\n\t\t\t<th>原晋级礼金</th>\r\n\t\t\t<th>现VIP晋级礼金</th>\r\n\t\t</tr>\r\n\t\t<tr>\r\n\t\t\t<td>普通VIP</td>\r\n\t\t\t<td>无</td>\r\n\t\t\t<td>无</td>\r\n\t\t</tr>\r\n\t\t<tr>\r\n\t\t\t<td>青铜VIP</td>\r\n\t\t\t<td>288</td>\r\n\t\t\t<td>588</td>\r\n\t\t</tr>\r\n\t\t<tr>\r\n\t\t\t<td>白银VIP</td>\r\n\t\t\t<td>588</td>\r\n\t\t\t<td>1588</td>\r\n\t\t</tr>\r\n\t\t<tr>\r\n\t\t\t<td>黄金VIP</td>\r\n\t\t\t<td>888</td>\r\n\t\t\t<td>2888</td>\r\n\t\t</tr>\r\n\t\t<tr>\r\n\t\t\t<td>钻石VIP</td>\r\n\t\t\t<td>1288</td>\r\n\t\t\t<td>5888</td>\r\n\t\t</tr>\r\n\t\t<tr>\r\n\t\t\t<td>至尊VIP</td>\r\n\t\t\t<td>2888</td>\r\n\t\t\t<td>8888</td>\r\n\t\t</tr>\r\n\t</tbody>\r\n</table>\r\n\r\n<p>点击<a href=\"https://tbv3.tengbo6888.com/Promotion/07.aspx\" id=\"lookFor2\"><strong>【VIP晋级礼金】</strong></a>查看优惠详情。</p>\r\n\r\n<h1>特权三．月度救援金，金额无上限</h1>\r\n\r\n<p>【腾博会】白银及以上VIP会员在每个月8号都可按照对应比例享有月度救援金，金额无上限且8倍流水即可提款。<br />\r\n点击<a href=\"https://tbv3.tengbo6888.com/Promotion/32.aspx\" id=\"lookFor3\"><strong>【月度救援金】</strong></a>查看优惠详情。</p>\r\n\r\n<h1>特权四．专属VIP客户经理，尊享星级服务</h1>\r\n\r\n<p>晋级黄金及以上VIP即可享受专属VIP客户经理。</p>\r\n\r\n<h1>特权五．私人专属线路，彰显奢华身份</h1>\r\n\r\n<p>晋级黄金及以上VIP即可享受私人专属线路。</p>\r\n\r\n<h1>特权六．VIP存取款通道，盈利快人一步</h1>\r\n\r\n<p>晋级青铜及以上VIP会员可享受VIP存取款通道，存取款更高效。</p>\r\n\r\n<h1>特权七．神秘幸运彩金</h1>\r\n\r\n<p>系统不定期从活跃的青铜VIP及以上级别的玩家中，随机抽取一部分幸运玩家，赠送的不定额的好运彩金。彩金不限制游戏，一倍流水即可提款。</p>\r\n\r\n<h1>活动细则：</h1>\r\n\r\n<ol>\r\n\t<li>活动时间：长期有效。</li>\r\n\t<li>点击【个人中心】的【基本信息】页面即可查询会员VIP等级。</li>\r\n</ol>\r\n\r\n<h1>注意事项：</h1>\r\n\r\n<ol>\r\n\t<li>每位玩家﹑每户﹑每一住址、每一电子邮箱地址﹑每一电话号码﹑相同支付方式(相同借记卡/信用卡/银行账户) 及同一IP地址（同一IP段将视为同一人）固定时间范围内只能享受一次优惠。</li>\r\n\t<li>【腾博会】的所有优惠只为玩家正常投注活动设定，以不诚实方式套取红利或任何威胁、滥用公司优惠等非正常行为，公司保留冻结、取消该团体或个人账户及账户结余的权利。</li>\r\n\t<li>若会员对活动有争议时，为确保双方利益，杜绝身份盗用行为。【腾博会】有权要求会员提供充足有效的身份证明文件，用以确认是否享有该优惠的资质。</li>\r\n\t<li>该活动若存在文字理解的差异，则最终解释权归【腾博会】所有，且【腾博会】有权更改、结束、缩短、延长该活动。</li>\r\n</ol>", "link": null}