{"title": "VIP月度救援金，金额无上限！", "time": "2018-05-01起，长期有效", "category": ["all"], "content": "<h1>什么是VIP月度救援金？</h1>\r\n\r\n<p>【腾博会】白银及以上VIP会员在每个月8号都可按照对应比例享有月度救援金，金额无上限且8倍流水即可提款。</p>\r\n\r\n<h1>如何获得月救援金？</h1>\r\n\r\n<p>按照会员月负盈利3000元及以上（有效投注额 - 游戏派彩 - 本月领取的所有优惠 大于等于3000）即可获得月度救援金，月救援金上不封顶(开元/761平台/三国 棋牌类游戏除外，其他游戏正常参与)&nbsp;。</p>\r\n\r\n<h1>救援金如何领取？</h1>\r\n\r\n<p>达到领取条件的VIP会员可通过【个人中心】的【自助优惠】页面自助申领。【我要申领】</p>\r\n\r\n<h1>VIP月度救援金比例：</h1>\r\n\r\n<table border=\"0\" cellpadding=\"0\" cellspacing=\"0\" style=\"width:100%\">\r\n\t<tbody>\r\n\t\t<tr>\r\n\t\t\t<th>月盈利</th>\r\n\t\t\t<th>VIP等级</th>\r\n\t\t\t<th>救援金比例</th>\r\n\t\t\t<th>提款要求</th>\r\n\t\t</tr>\r\n\t\t<tr>\r\n\t\t\t<td rowspan=\"4\">月负盈利3000及以上</td>\r\n\t\t\t<td>白银VIP</td>\r\n\t\t\t<td>负盈利3%</td>\r\n\t\t\t<td rowspan=\"4\">8倍流水</td>\r\n\t\t</tr>\r\n\t\t<tr>\r\n\t\t\t<td>黄金VIP</td>\r\n\t\t\t<td>负盈利5%</td>\r\n\t\t</tr>\r\n\t\t<tr>\r\n\t\t\t<td>钻石VIP</td>\r\n\t\t\t<td>负盈利6%</td>\r\n\t\t</tr>\r\n\t\t<tr>\r\n\t\t\t<td>至尊VIP</td>\r\n\t\t\t<td>负盈利7%</td>\r\n\t\t</tr>\r\n\t</tbody>\r\n</table>\r\n\r\n<h1>活动细则：</h1>\r\n\r\n<ol>\r\n\t<li>活动时间：长期有效，负盈利统计规则已于2018年6月更新并执行。</li>\r\n\t<li>活动对象：白银及以上等级的VIP会员。</li>\r\n\t<li>结算周期：从2018年5月起，每月1号0点到本月最后一天23点59分59秒。</li>\r\n\t<li>领取时间：从2018年6月起，每月8日16点整至下月7日23:59:59 领取上月的救援金。</li>\r\n\t<li>月度救援金根据白银 VIP及以上会员的月的盈利情况进行计算。会员本月负盈利3000元及以上（有效投注额 - 游戏派彩 - 本月领取的所有优惠 大于等于3000）即可获得月度救援金。<br />\r\n\t&nbsp;&nbsp;示例：用户A上月累计有效投注额50000，游戏派彩38000，从所有优惠活动中共领取了5000礼金。那么ta产生的 负盈利 = 有效投注额50000 - 游戏派彩38000 - 优惠5000 = 7000，最终该用户可获得VIP月救援礼金。</li>\r\n\t<li>月度救援金不可累积，如用户在某月未领取上一月的月度救援金，则视为自动放弃该奖励，逾期将清零重新统计。</li>\r\n\t<li>领取的月度救援金不限制游戏，需要八倍流水。</li>\r\n\t<li>每位玩家﹑每户﹑每一住址、每一电子邮箱地址﹑每一电话号码﹑相同支付方式(相同借记卡/信用卡/银行账户) 及同一IP地址（同一IP段将视为同一人）固定时间范围内只能享受一次优惠。</li>\r\n\t<li>【腾博会】的所有优惠只为玩家正常投注活动设定，以不诚实方式套取红利或任何威胁、滥用公司优惠等非正常行为，公司保留冻结、取消该团体或个人账户及账户结余的权利。</li>\r\n\t<li>若会员对活动有争议时，为确保双方利益，杜绝身份盗用行为。【腾博会】有权要求会员提供充足有效的身份证明文件，用以确认是否享有该优惠的资质。</li>\r\n\t<li>该活动若存在文字理解的差异，则最终解释权归【腾博会】所有，且【腾博会】有权更改、结束、缩短、延长该活动。</li>\r\n</ol>", "link": null}