{"title": "笔笔存送爽翻天 - 壕情狂欢，优惠不断！", "time": "长期有效", "category": ["all", "deposit", "normal", "allGame", "egame"], "content": "<h1>活动介绍</h1>\r\n\r\n<p>活动期间，只要游戏平台的账户余额小于<strong><em>5</em></strong>元，都可以在存款时自助申请笔笔存送优惠。<br />\r\n<em>例：会员A的PT亚洲厅账户余额为3元，那么TA在存款时可以选择PT亚洲平台来参与笔笔存送优惠！</em></p>\r\n\r\n<p>选择参与笔笔存送优惠的会员，在投注达到存送相对应的流水倍数后才能提款！</p>\r\n\r\n<h1>什么游戏支持存送优惠？</h1>\r\n\r\n<p>该活动只支持以下游戏平台<strong>（PT国际、PT亚洲、MG亚洲、TTG、DT、SW、PP、PS、AE、CQ9、PNG、NT）下的旋转类老虎机</strong>；不包括游戏类型为现场庄家、视频扑克、街机游戏、桌面游戏、刮刮乐游戏、轮盘游戏、宾果游戏、捕鱼类游戏等，如参与这类游戏不计算流水并且腾博会有权收回所有红利及盈利。</p>\r\n\r\n<h1>存送返利计算</h1>\r\n\r\n<table border=\"0\" cellpadding=\"0\" cellspacing=\"0\" style=\"width:100%\">\r\n\t<tbody>\r\n\t\t<tr>\r\n\t\t\t<th>单笔存款</th>\r\n\t\t\t<th>单笔存送比率</th>\r\n\t\t\t<th>提款要求</th>\r\n\t\t</tr>\r\n\t\t<tr>\r\n\t\t\t<td>50 - 499.99</td>\r\n\t\t\t<td>10%</td>\r\n\t\t\t<td>有效投注额=（存款金额+礼金）x 10倍</td>\r\n\t\t</tr>\r\n\t\t<tr>\r\n\t\t\t<td>500 - 4999.99</td>\r\n\t\t\t<td>15%</td>\r\n\t\t\t<td>有效投注额=（存款金额+礼金）x 12倍</td>\r\n\t\t</tr>\r\n\t\t<tr>\r\n\t\t\t<td>5000-9999.99</td>\r\n\t\t\t<td>20%</td>\r\n\t\t\t<td>有效投注额=（存款金额+礼金）x 15倍</td>\r\n\t\t</tr>\r\n\t\t<tr>\r\n\t\t\t<td>10000及以上</td>\r\n\t\t\t<td>25%</td>\r\n\t\t\t<td>有效投注额=（存款金额+礼金）x 18倍</td>\r\n\t\t</tr>\r\n\t</tbody>\r\n</table>\r\n\r\n<h1>示例</h1>\r\n\r\n<table border=\"0\" cellpadding=\"0\" cellspacing=\"0\" style=\"width:100%\">\r\n\t<tbody>\r\n\t\t<tr>\r\n\t\t\t<th>单笔存款（RMB）</th>\r\n\t\t\t<th>获赠礼金（RMB）</th>\r\n\t\t\t<th>提款要求（RMB）</th>\r\n\t\t</tr>\r\n\t\t<tr>\r\n\t\t\t<td>200</td>\r\n\t\t\t<td>200 x 10% = 20</td>\r\n\t\t\t<td>（200+20） x 10 = 2,200</td>\r\n\t\t</tr>\r\n\t\t<tr>\r\n\t\t\t<td>500</td>\r\n\t\t\t<td>500 x 15% = 75</td>\r\n\t\t\t<td>（500+75） x 12 = 6,900</td>\r\n\t\t</tr>\r\n\t\t<tr>\r\n\t\t\t<td>6000</td>\r\n\t\t\t<td>6000 x 20% = 1200</td>\r\n\t\t\t<td>（6000+1200） x 15 = 108,000</td>\r\n\t\t</tr>\r\n\t\t<tr>\r\n\t\t\t<td>15000</td>\r\n\t\t\t<td>15000 x 25% = 3750</td>\r\n\t\t\t<td>（15000+3750） x 18 = 337,500</td>\r\n\t\t</tr>\r\n\t</tbody>\r\n</table>\r\n\r\n<h1>活动细则</h1>\r\n\r\n<ol>\r\n\t<li>活动对象：所有会员。</li>\r\n\t<li>活动期间，只要游戏平台的账户余额小于<strong><em>5</em></strong>元，都可以在存款时自助申请笔笔存送优惠。</li>\r\n\t<li>【首存优惠】和【笔笔存送】优惠不能同时享受。</li>\r\n\t<li>礼金与存款金额直接发放到选择参与的游戏平台，未达到相应的有效投注额该平台不支持转账功能；当子账户余额小于5元，恢复该平台转账功能。</li>\r\n\t<li>参与本次活动的客户，在没有完成活动要求的有效投注额不能以任何理由申请退出本活动。</li>\r\n\t<li>当流水限额完成或参与活动的子账户余额小于5元，才能对主账户申请提款。</li>\r\n\t<li>该活动若存在文字理解的差异，则最终解释权归【腾博会】所有，且【腾博会】有权更改、结束、缩短、延长该活动。</li>\r\n</ol>", "link": "{name:\"我要存款\",link:{name:\"Deposit\"}}"}