{"title": "幸运注单自助领  笔笔投注是机会！", "time": "2018-12-03 12:00:00 至 2019-02-01 23:59:59", "category": ["all", "limit", "allGame", "egame", "qipai"], "content": "<h1>什么是幸运注单？</h1>\r\n\r\n<p>幸运注单是根据客户在每一次投注后产生的注单号码尾号与数字888匹配而派发的额外奖金。最高奖励200倍下注金额，上限28888元。</p>\r\n\r\n<p>&nbsp;</p>\r\n\r\n<h1>如何查看幸运注单号？</h1>\r\n\r\n<p><span data-h5-url=\"/demoquerylucklist?type=xyzd&amp;RemotePage=true\">幸运注单查询指南</span></p>\r\n\r\n<h1>什么平台支持幸运注单？</h1>\r\n\r\n<p>幸运注单活动仅包括PT国际/PT亚洲/波音/AG/DT/TTG/AE/PS/CQ9/PNG/NT/MG亚洲的电子老虎机游戏和开元/761/三国棋牌类游戏。<br />\r\n<em>（不包括平台中的捕鱼游戏、现场庄家、视频扑克、街机游戏、牌桌游戏和刮刮乐等游戏。）</em></p>\r\n\r\n<p>&nbsp;</p>\r\n\r\n<h1>如何领取幸运注单奖金？</h1>\r\n\r\n<p>用户可在【自助优惠】下的【幸运注单】页面查看可领取平台的注单信息，选择满足条件的平台申领后，礼金将自动发放至您的主账户中(DT平台需手动填写注单信息审核后发放)。<br />\r\n&nbsp;</p>\r\n\r\n<p>&nbsp;</p>\r\n\r\n<table border=\"0\" cellpadding=\"0\" cellspacing=\"0\" style=\"width:100%\">\r\n\t<tbody>\r\n\t\t<tr>\r\n\t\t\t<th>最低投注金额</th>\r\n\t\t\t<th>注单尾号</th>\r\n\t\t\t<th>奖金倍数</th>\r\n\t\t\t<th>彩金上限</th>\r\n\t\t\t<th>流水倍数</th>\r\n\t\t</tr>\r\n\t\t<tr>\r\n\t\t\t<td>1元</td>\r\n\t\t\t<td>最后三位888</td>\r\n\t\t\t<td>投注额6倍</td>\r\n\t\t\t<td><em>58</em>元</td>\r\n\t\t\t<td rowspan=\"7\">12倍</td>\r\n\t\t</tr>\r\n\t\t<tr>\r\n\t\t\t<td>5元</td>\r\n\t\t\t<td>最后四位8888</td>\r\n\t\t\t<td>投注额10倍</td>\r\n\t\t\t<td><em>128</em>元</td>\r\n\t\t</tr>\r\n\t\t<tr>\r\n\t\t\t<td>10元</td>\r\n\t\t\t<td>最后五位88888</td>\r\n\t\t\t<td>投注额15倍</td>\r\n\t\t\t<td><em>588</em>元</td>\r\n\t\t</tr>\r\n\t\t<tr>\r\n\t\t\t<td>20元</td>\r\n\t\t\t<td>最后六位888888</td>\r\n\t\t\t<td>投注额30倍</td>\r\n\t\t\t<td><em>1288</em>元</td>\r\n\t\t</tr>\r\n\t\t<tr>\r\n\t\t\t<td>30元</td>\r\n\t\t\t<td>最后七位8888888</td>\r\n\t\t\t<td>投注额50倍</td>\r\n\t\t\t<td><em>8888</em>元</td>\r\n\t\t</tr>\r\n\t\t<tr>\r\n\t\t\t<td>50元</td>\r\n\t\t\t<td>最后八位88888888</td>\r\n\t\t\t<td>投注额100倍</td>\r\n\t\t\t<td><em>18888</em>元</td>\r\n\t\t</tr>\r\n\t\t<tr>\r\n\t\t\t<td>80元</td>\r\n\t\t\t<td>最后九位888888888</td>\r\n\t\t\t<td>投注额200倍</td>\r\n\t\t\t<td><em>28888</em>元</td>\r\n\t\t</tr>\r\n\t</tbody>\r\n</table>\r\n\r\n<h1>活动细则</h1>\r\n\r\n<ol>\r\n\t<li>活动对象：所有腾博会普通VIP及以上的会员。</li>\r\n\t<li>每个账号和每个注单号每日仅限申领一次。<em>（北京时间：00:00:00 至当天晚上 23:59:59 算作一天）</em></li>\r\n\t<li>投注小于<em>1元</em>的注单，不具备参与此活动的资格。</li>\r\n\t<li>投注额为<em>&nbsp;0&nbsp;</em>的注单号（包括免费游戏、二次消除、Jackpot奖池产生的注单）以及bonus红利产生的注单，均不具备参与此活动的资格。</li>\r\n\t<li>仅限产生注单号的游戏账号申请。</li>\r\n\t<li>幸运注单奖金需在中奖时间24小时内申请(系统自动将AG和波音的美东时间换算成北京时间)，逾期视为无效或放弃此次优惠。</li>\r\n\t<li>AG电游：以游戏记录显示的16位&ldquo;订单号&rdquo;或&ldquo;主单号&rdquo;为幸运注单审核标准，如部分游戏手机无法查询游戏记录，请使用电脑查询； TTG游戏以&ldquo;手数编号&rdquo;为幸运单号审核标准，三国棋牌以平台后台的17位&lsquo;流水号&rsquo;为幸运注单审核标准。</li>\r\n\t<li>所有因任何因素被取消之注单，或因中奖后彩金加码游戏所产生之单号，均不在计算范围之内。</li>\r\n\t<li>当流水限额完成，所获取奖金达到<em>12</em>倍有效投注额（例如: 获得100元奖金，则须达到有效投注额<em>1200</em>元），才能对主账户申请提款 。</li>\r\n\t<li>该活动若存在文字理解的差异，则最终解释权归【腾博会】所有，且【腾博会】有权更改、结束、缩短、延长该活动。</li>\r\n</ol>", "link": "{\"name\":\"自助申领\",\"route\":{\"name\":\"PromoLuckyOrder\"}}"}