{"title": "周勤礼金周周送，最高可达8888元！", "time": "长期有效", "category": ["all", "normal", "allGame", "egame", "live", "tiyu", "fish", "qipai"], "content": "<h1>活动介绍</h1>\r\n\r\n<p>腾博会会员只要在一周内，累计四天有进行游戏投注，且这四天之中，每日有效投注额不小于300元，周有效投注额不小于5000元，系统自动发放相应的周勤奖金！</p>\r\n\r\n<h1>各平台统计时间</h1>\r\n\r\n<p>PT国际、PT亚洲、AG、CQ9、GG捕鱼、波音、YP街机、平博体育、IM体育/电竞 每周一中午12:00 至 下周一中午12:00。<br />\r\n<em>（例：星期一中午12点 到 星期二上午11点59分59秒，算作一天。）</em><br />\r\n<br />\r\nMG亚洲、PP、PNG 每周一上午8:00 至 下周一上午07:59:59。<br />\r\n<em>（例：星期一上午8点 到 星期二上午7点59分59秒，算作一天。）</em><br />\r\n<br />\r\nTTG、DT、SW、PS、AE、开元棋牌、761棋牌、三国棋牌 每周一上午00:00:00 至 周日晚上23:59:59。<br />\r\n<em>（例：星期一凌晨0点 到 当天晚上23点59分59秒，算作一天。）</em><br />\r\n<br />\r\nNT 每周一下午16:00:00 至下周一 15:59:59。<br />\r\n<em>（例：星期一下午4点 到 星期二下午15点59分59秒，算作一天。）</em></p>\r\n\r\n<h1>周勤礼金计算</h1>\r\n\r\n<table border=\"0\" cellpadding=\"0\" cellspacing=\"0\" style=\"width:100%\">\r\n\t<tbody>\r\n\t\t<tr>\r\n\t\t\t<th>周累计出勤（单日投注额不能少于300元）</th>\r\n\t\t\t<th>周有效投注额（元）</th>\r\n\t\t\t<th>周勤礼金（元）</th>\r\n\t\t</tr>\r\n\t\t<tr>\r\n\t\t\t<td>最少4天</td>\r\n\t\t\t<td>5,000 至 49,999.99</td>\r\n\t\t\t<td>18</td>\r\n\t\t</tr>\r\n\t\t<tr>\r\n\t\t\t<td>最少4天</td>\r\n\t\t\t<td>50,000 至 99,999.99</td>\r\n\t\t\t<td>58</td>\r\n\t\t</tr>\r\n\t\t<tr>\r\n\t\t\t<td>最少4天</td>\r\n\t\t\t<td>100,000 至 499,999.99</td>\r\n\t\t\t<td>168</td>\r\n\t\t</tr>\r\n\t\t<tr>\r\n\t\t\t<td>最少4天</td>\r\n\t\t\t<td>500,000 至 999,999.99</td>\r\n\t\t\t<td>688</td>\r\n\t\t</tr>\r\n\t\t<tr>\r\n\t\t\t<td>最少4天</td>\r\n\t\t\t<td>1,000,000 至 4,999,999.99</td>\r\n\t\t\t<td>1588</td>\r\n\t\t</tr>\r\n\t\t<tr>\r\n\t\t\t<td>最少4天</td>\r\n\t\t\t<td>5,000,000 至 9,999,999.99</td>\r\n\t\t\t<td>5888</td>\r\n\t\t</tr>\r\n\t\t<tr>\r\n\t\t\t<td>最少4天</td>\r\n\t\t\t<td>10,000,000以上</td>\r\n\t\t\t<td>8888</td>\r\n\t\t</tr>\r\n\t</tbody>\r\n</table>\r\n\r\n<p>例1：会员A上周累计4天登录平台进行游戏，有3天单日有效投注额均超过300元，且上周有效投注额超过5000元。但是，该会员有1天的有效投注未达到300元，那么TA无法获得周勤奖励。<br />\r\n例2：会员B上周累计4天登录平台进行游戏，这4天单日有效投注额均超过300元。但是该会员上周有效投注额未达到5000元，那么TA也无法获得周勤奖励。</p>\r\n\r\n<h1>活动细则</h1>\r\n\r\n<ol>\r\n\t<li>活动对象：所有会员。</li>\r\n\t<li>发放时间：<em>每周二14:00</em>之前，系统会完成<em>上一周</em>投注情况的统计，达到条件的会员会在<em>18：00之前</em>由系统发放 。</li>\r\n\t<li><em>【首存优惠】和【周勤礼金】优惠不能在同一周且不能同时享受</em>。</li>\r\n\t<li>所有客户只能拥有一个账号：同一个IP、同一个存/提款卡、同一个手机号码、同一个邮箱都视为同一客户，如果发现同一个人拥有两个或以上的账户，重复的账户将会被冻结，【腾博会】保留索回重复账户的奖励及盈利的权利。</li>\r\n\t<li>需要一倍流水才可提款。</li>\r\n\t<li>该活动若存在文字理解的差异，则最终解释权归【腾博会】所有，且【腾博会】有权更改、结束、缩短、延长该活动。</li>\r\n</ol>", "link": null}