{"title": "信息认证红利", "time": "长期有效", "category": ["all"], "content": "<h1>什么是信息认证红利？</h1>\r\n\r\n<p>信息认证红利是会员完成通过相关的条件后，系统给予的现金奖励。用户可到&ldquo;个人中心&rdquo;的&ldquo;自助优惠&rdquo;页面申领&nbsp;<strong><em>38元</em></strong>&nbsp;认证礼金。【我要申领】</p>\r\n\r\n<h1>信息认证红利领取条件</h1>\r\n\r\n<ul>\r\n\t<li>完成手机验证</li>\r\n\t<li>&nbsp;</li>\r\n\t<li>完成银行卡验证</li>\r\n\t<li>&nbsp;</li>\r\n\t<li>完成安全密码验证</li>\r\n\t<li>&nbsp;</li>\r\n\t<li>历史累计存款不小于200元</li>\r\n</ul>\r\n\r\n<h1>活动细则</h1>\r\n\r\n<ol>\r\n\t<li>用户必须完成通过所有认证以及历史累计存款不小于200元后，才达到申领条件。如其中一个未完成，就无法领取礼金。</li>\r\n\t<li>所有客户只能拥有一个账号：同一个IP、同一个存/提款卡、同一个手机号码、同一个邮箱都视为同一客户，如果发现同一个人拥有两个或以上的账户，重复的账户将会被冻结，【腾博会】保留索回重复账户的红利 及盈利的权利。</li>\r\n\t<li>每个账户、每个认证信息只允许申领一次信息认证红利。</li>\r\n\t<li>需要一倍流水才可提款。</li>\r\n\t<li>该活动若存在文字理解的差异，则最终解释权归【腾博会】所有，且【腾博会】有权更改、结束、缩短、延长该活动。</li>\r\n</ol>", "link": null}