{"title": "用户首存优惠 最高58%等您来拿！", "time": "长期有效", "category": ["all"], "content": "<h1>首存优惠：</h1>\r\n\r\n<table border=\"0\" cellpadding=\"0\" cellspacing=\"0\" style=\"width:100%\">\r\n\t<thead>\r\n\t\t<tr>\r\n\t\t\t<td>例 子</td>\r\n\t\t\t<td>首次存款金额（RMB)</td>\r\n\t\t\t<td>赠送红利</td>\r\n\t\t\t<td>最高红利</td>\r\n\t\t\t<td>提款要求</td>\r\n\t\t</tr>\r\n\t</thead>\r\n\t<tbody>\r\n\t\t<tr>\r\n\t\t\t<td>套餐 A</td>\r\n\t\t\t<td>50-600</td>\r\n\t\t\t<td>58%</td>\r\n\t\t\t<td>288</td>\r\n\t\t\t<td>有效投注额=（存款+红利）*18</td>\r\n\t\t</tr>\r\n\t\t<tr>\r\n\t\t\t<td>套餐 B</td>\r\n\t\t\t<td>601-2000</td>\r\n\t\t\t<td>48%</td>\r\n\t\t\t<td>888</td>\r\n\t\t\t<td>有效投注额=（存款+红利）*18</td>\r\n\t\t</tr>\r\n\t\t<tr>\r\n\t\t\t<td>套餐 C</td>\r\n\t\t\t<td>2000以上</td>\r\n\t\t\t<td>38%</td>\r\n\t\t\t<td>58888</td>\r\n\t\t\t<td>有效投注额=（存款+红利）*18</td>\r\n\t\t</tr>\r\n\t</tbody>\r\n</table>\r\n\r\n<table border=\"0\" cellpadding=\"0\" cellspacing=\"0\" style=\"width:100%\">\r\n\t<thead>\r\n\t\t<tr>\r\n\t\t\t<td>例 子</td>\r\n\t\t\t<td>首次存款(RMB)</td>\r\n\t\t\t<td>获赠红利</td>\r\n\t\t\t<td>提款要求</td>\r\n\t\t</tr>\r\n\t</thead>\r\n\t<tbody>\r\n\t\t<tr>\r\n\t\t\t<td>套餐 A</td>\r\n\t\t\t<td>300</td>\r\n\t\t\t<td>300 X 58% = 174</td>\r\n\t\t\t<td>(300+174) X 18 = 8,532</td>\r\n\t\t</tr>\r\n\t\t<tr>\r\n\t\t\t<td>套餐 B</td>\r\n\t\t\t<td>1,000</td>\r\n\t\t\t<td>1000 X 48% = 480</td>\r\n\t\t\t<td>(1000+480) X 18 = 26,640</td>\r\n\t\t</tr>\r\n\t\t<tr>\r\n\t\t\t<td>套餐 C</td>\r\n\t\t\t<td>10,000</td>\r\n\t\t\t<td>10000 X 38% = 3800</td>\r\n\t\t\t<td>(10000+3800) X 18 = 248,400</td>\r\n\t\t</tr>\r\n\t</tbody>\r\n</table>\r\n\r\n<h1>如何申请：</h1>\r\n\r\n<ul>\r\n\t<li>用户完成首次存款</li>\r\n\t<li>&gt;</li>\r\n\t<li>联系客服申请首存红利</li>\r\n\t<li>&gt;</li>\r\n\t<li>选择首存红利比例</li>\r\n\t<li>&gt;</li>\r\n\t<li>通过审核自动发放</li>\r\n</ul>\r\n\r\n<h1>活动细则</h1>\r\n\r\n<p>红利申请要求：手机号码 + IP地址 + 银行卡归属地。三个必须为统一归属地，方可申请红利。新会员在申请开户红利时，必须填写真实的资料才具备申请条件，感谢您的支持！</p>\r\n\r\n<p>有效投注金额：有效投注额是指所有产生输赢的投注。无效投注是指在游戏中下注庄闲、游戏结果为和局；同一局游戏中下注正、反两种结果，如百家乐游戏同一局下注庄闲；或因特殊原因退还本金的投注。</p>\r\n\r\n<ol>\r\n\t<li>首存金额指第一笔投注之前的合计存款金额,玩家只有在本娱乐城的首次存款才有资格获得此优惠。玩家需向在线客服申请成功后方可进行游戏，一旦投注游戏则视为主动放弃申请首存。</li>\r\n\t<li>申请优惠的有效时间：在首存后7天内且第一次取款前。首存红利在会员申请并审核通过后24小时内由系统自动发放到会员账号中。</li>\r\n\t<li>提款时您的有效投注额需达到（首存+红利）X 倍数，即可随时提款。<br />\r\n\t例如：您首次存款1000元，则红利为480元。有效投注额需达到（1000+480）X 18=26640，才可以申请提款。</li>\r\n\t<li>每位会员，每一相同IP，每一电子邮箱，每一电话号码，相同支付方式(借记卡/信用卡/银行账户)及共享计算机环境（例如网吧，其他公共用计算机等）只能享有一次首存优惠；如发现同一玩家拥有多个账户，重复的账户将被冻结，【腾博会】保留取消或索回重复账户红利及盈利的权利。</li>\r\n\t<li>凡是参与本次活动的客户，在没有完成活动要求的有效投注额的情况下不能以任何理由申请退出本活动。</li>\r\n\t<li>享受首存优惠后，达到首存优惠提款要求前产生的有效投注额将无法再享受洗码优惠。若会员不申请首存优惠，游戏有效投注额达到存款金额一倍流水即可提现。</li>\r\n\t<li>【首存优惠】和【周勤礼金/周周红利】优惠不能在同一周且不能同时享受。</li>\r\n\t<li>领取首存优惠的流水計算适用于各个游戏平台。</li>\r\n\t<li>注册后需认证注册信息方可参与活动。</li>\r\n\t<li>该活动若存在文字理解的差异，则最终解释权归【腾博会】所有，且【腾博会】有权更改、结束、缩短、延长该活动。</li>\r\n</ol>", "link": null}