{"title": "未博先赢， 100%首存红利！", "time": "2019-10-24起，长期有效", "category": ["all", "deposit", "normal"], "content": "<h1>如何申请：</h1>\r\n\r\n<ul>\r\n\t<li>1.用户完成首次存款</li>\r\n\t<li>2.前往<a href=\"/membercenter/PromoFirst\">自助页面</a>申请</li>\r\n\t<li>3.选择申请平台</li>\r\n\t<li>4.符合条件自动发放</li>\r\n</ul>\r\n\r\n<table border=\"0\" cellpadding=\"0\" cellspacing=\"0\" class=\"tb-tab1\" width=\"100%\">\r\n\t<thead>\r\n\t\t<tr>\r\n\t\t\t<th>游戏类型</th>\r\n\t\t\t<th>赠送比例</th>\r\n\t\t\t<th>最高红利</th>\r\n\t\t\t<th width=\"30%\">提款要求</th>\r\n\t\t</tr>\r\n\t</thead>\r\n\t<tbody>\r\n\t\t<tr>\r\n\t\t\t<td>电子老虎机</td>\r\n\t\t\t<td>100%</td>\r\n\t\t\t<td>1888</td>\r\n\t\t\t<td>有效投注额=（本金+红利）&times;25倍</td>\r\n\t\t</tr>\r\n\t</tbody>\r\n</table>\r\n\r\n<h1>活动细则</h1>\r\n\r\n<ol>\r\n\t<li>自2019年10月24日起，新注册的会员可享受该优惠。</li>\r\n\t<li>红利申请要求：手机号码 + IP地址 + 银行卡归属地。三个必须为统一归属地，方可申请红利。申请开户红利时，必须填写真实的资料才具备申请条件，感谢您的支持！</li>\r\n\t<li>首存金额指玩家注册后的第一次存款金额,玩家只有在本娱乐城的首次存款才有资格获得此优惠。</li>\r\n\t<li>存款后，请勿将存款转入至游戏大厅游戏，申请首存优惠时如提示需开通优惠大厅子账号，则需进入该游戏大厅，打开任意一款游戏(<span class=\"redColor\">请勿转账至该游戏</span>)，关闭游戏后即可生成该厅的子账号。</li>\r\n\t<li>提款时您的有效投注额需达到（本金+红利）&times;25倍，方可进行提款。（有效投注金额：指所有产生输赢的投注）</li>\r\n\t<li>每位会员，每一相同IP，每一电子邮箱，每一电话号码，相同支付方式(借记卡/信用卡/银行账户)及共享计算机环境（例如网吧，其他公共用计算机等）只能享有一次首存优惠；如发现同一玩家拥有多个账户，重复的账户将被冻结，【腾博会】保留取消或索回重复账户红利及盈利的权利。</li>\r\n\t<li>凡是参与本次活动的客户，在没有完成活动要求的有效投注额的情况下不能以任何理由申请退出本活动。</li>\r\n\t<li>享受首存优惠后，达到首存优惠提款要求前产生的有效投注额将无法再享受洗码优惠。若会员不申请首存优惠，游戏有效投注额达到存款金额一倍流水即可提现。</li>\r\n\t<li>【首存优惠】和【周勤礼金/周周红利】不能在同一周且不能同时享受。</li>\r\n\t<li>首存优惠仅限电子老虎机平台（<span class=\"redColor\"> PT亚洲、PT国际、MG亚洲、TTG、DT、SW、PP、PS、AE、CQ9、PNG、NT</span>）下的旋转类老虎机游戏；不包括游戏类型为现场庄家、视频扑克、街机游戏、桌面游戏、刮刮乐游戏、轮盘游戏、宾果游戏、捕鱼类游戏等，如参与这类游戏不计算流水并且腾博会有权收回所有红利及盈利。</li>\r\n\t<li>注册后需完成 <a class=\"blueColor\" href=\"/membercenter/Validation\">安全验证</a> 方可参与活动。</li>\r\n\t<li>该活动若存在文字理解的差异，则最终解释权归【腾博会】所有，且【腾博会】有权更改、结束、缩短、延长该活动。</li>\r\n</ol>", "link": null}