{"title": "天天洗码无上限！超高返水1.7%", "time": "长期有效", "category": ["all", "normal", "allGame", "egame", "live", "tiyu", "fish", "qipai"], "content": "<p>洗码是会员在游戏过程中，根据其有效投注额减去流水限额后，按一定比例进行的返利。</p>\r\n\r\n<h3>流水限额</h3>\r\n\r\n<p>会员在参与某些特定的优惠活动时(例：首存优惠)，其提款要求的游戏投注金额无法进行洗码优惠，这类需要抵扣掉的有效投注额就是流水限额。如用户不参与此类活动，就不会产生流水限额。</p>\r\n\r\n<h3>洗码金额的计算方式</h3>\r\n\r\n<p>（会员所有平台总流水 - 洗码流水限额）* 洗码比率 = 洗码金额。<br />\r\n注：【平台总流水】必须大于【洗码流水限额】才可进行洗码统计。</p>\r\n\r\n<h1>会员洗码返点比例</h1>\r\n\r\n<table border=\"0\" cellpadding=\"0\" cellspacing=\"0\" width=\"100%\">\r\n\t<tbody>\r\n\t\t<tr>\r\n\t\t\t<th width=\"17%\">会员级别</th>\r\n\t\t\t<th>所有平台</th>\r\n\t\t\t<th>老虎机电游积分</th>\r\n\t\t\t<th width=\"17%\">最高洗码</th>\r\n\t\t</tr>\r\n\t\t<tr>\r\n\t\t\t<td>普通VIP</td>\r\n\t\t\t<td>0.80%</td>\r\n\t\t\t<td>0.50%</td>\r\n\t\t\t<td>1.30%</td>\r\n\t\t</tr>\r\n\t\t<tr>\r\n\t\t\t<td>青铜VIP</td>\r\n\t\t\t<td>0.85%</td>\r\n\t\t\t<td>0.50%</td>\r\n\t\t\t<td>1.35%</td>\r\n\t\t</tr>\r\n\t\t<tr>\r\n\t\t\t<td>白银VIP</td>\r\n\t\t\t<td>0.90%</td>\r\n\t\t\t<td>0.50%</td>\r\n\t\t\t<td>1.40%</td>\r\n\t\t</tr>\r\n\t\t<tr>\r\n\t\t\t<td>黄金VIP</td>\r\n\t\t\t<td>1.00%</td>\r\n\t\t\t<td>0.50%</td>\r\n\t\t\t<td>1.50%</td>\r\n\t\t</tr>\r\n\t\t<tr>\r\n\t\t\t<td>钻石VIP</td>\r\n\t\t\t<td>1.10%</td>\r\n\t\t\t<td>0.50%</td>\r\n\t\t\t<td>1.60%</td>\r\n\t\t</tr>\r\n\t\t<tr>\r\n\t\t\t<td>至尊VIP</td>\r\n\t\t\t<td>1.20%</td>\r\n\t\t\t<td>0.50%</td>\r\n\t\t\t<td>1.70%</td>\r\n\t\t</tr>\r\n\t</tbody>\r\n</table>\r\n\r\n<p>例1：会员A为普通VIP，平时享受0.8% 洗码退水。在某一周的有效投注额达到了800万，成为了钻石VIP会员，根据钻石VIP的洗码比例，他将永久享受1.1%的洗码退水比例。<br />\r\n例2：会员B是黄金VIP，平时享受1%洗码退水，如果他进行PT老虎机游戏的话，他还将获得额外0.5%的PT洗码积分返水！</p>\r\n\r\n<h1>[腾博会] 洗码特色</h1>\r\n\r\n<table border=\"0\" cellpadding=\"0\" cellspacing=\"0\" style=\"width:100%\">\r\n\t<tbody>\r\n\t\t<tr>\r\n\t\t\t<th>适用游戏种类</th>\r\n\t\t\t<th>亮点特色</th>\r\n\t\t\t<th>天天结算洗码</th>\r\n\t\t\t<th>返水高额</th>\r\n\t\t\t<th>洗码提现要求</th>\r\n\t\t</tr>\r\n\t\t<tr>\r\n\t\t\t<td>适用于各平台下的电动老虎机、真人、体育、捕鱼、街机及棋牌等所有类型的游戏。</td>\r\n\t\t\t<td>对首次存款的用户超高奖励（首存优惠58%）后自动升级为VIP的会员，每天都会享受高额的洗码返水。</td>\r\n\t\t\t<td>所有VIP会员可实时结算洗码</td>\r\n\t\t\t<td>最高可达1.7% 高额洗码</td>\r\n\t\t\t<td>金额上限不封顶。洗码金额可直接提款</td>\r\n\t\t</tr>\r\n\t</tbody>\r\n</table>\r\n\r\n<h1>活动细则</h1>\r\n\r\n<ol>\r\n\t<li>洗码统计时间：各平台的洗码时间为实时统计<span style=\"color:#e74c3c;\">(前台有效投注更新会略有延迟，AG洗码延迟半小时左右)</span>。</li>\r\n\t<li>用户可在【自助优惠】下的【自助洗码】进行申领，只要派送金额不小于1元即可领取。</li>\r\n\t<li>如会员不进行自助领取投注洗码的操作，系统将在每周一上午10:00前自动发放上一周未领取的洗码礼金。</li>\r\n\t<li>洗码优惠金额无上限，多投多得。您可以选择继续投注游戏也可以申请提款。</li>\r\n\t<li>如派发不参与洗码的优惠红利，将自动发放当前已累计的洗码金额。</li>\r\n\t<li>洗码优惠与首存优惠不能同时享受。</li>\r\n\t<li>所有无风险投注不计有效投注额；无风险投注包含以下状况：\r\n\t<p>（1）. 所有拒绝投注、无效投注、打平或是赔率低于0.5，将不包括及计算于投注金额内。</p>\r\n\r\n\t<p>（2）. 任何「取消注单」或「和局」的投注额将不予计算有效投注。</p>\r\n\t</li>\r\n\t<li>该活动若存在文字理解的差异，则最终解释权归【腾博会】所有，且【腾博会】有权更改、结束、缩短、延长该活动。</li>\r\n</ol>", "link": "{\"name\":\"自助申领\",\"route\":{\"name\":\"PromoBetbonus\"}}"}