{"title": "老虎机电游积分大派送", "time": "长期有效", "category": ["all"], "content": "<h4>腾博会会员每天参与电子游戏所产生的有效投注额，即可直接领取电游积分。【我要申领】</h4>\r\n\r\n<h3>领取电游积分</h3>\r\n\r\n<p>会员有效投注额越高，大派送的积分越多！电子游戏积分派送可在【自助优惠】的【自助洗码】页面随时领取！</p>\r\n\r\n<p>如会员不进行自助领取，系统将在每周一上午10:00前自动发放上一周未领取的积分礼金。</p>\r\n\r\n<h1>电游积分大派送计算方式：</h1>\r\n\r\n<table border=\"0\" cellpadding=\"0\" cellspacing=\"0\" style=\"width:100%\">\r\n\t<tbody>\r\n\t\t<tr>\r\n\t\t\t<th>会员等级</th>\r\n\t\t\t<th>每天有效投注额</th>\r\n\t\t\t<th>大派送比例</th>\r\n\t\t\t<th>积分提现</th>\r\n\t\t</tr>\r\n\t\t<tr>\r\n\t\t\t<td>所有会员</td>\r\n\t\t\t<td>不限</td>\r\n\t\t\t<td>0.5%</td>\r\n\t\t\t<td>金额上限不封顶，达到1元可随时领取，积分金额可直接提款。</td>\r\n\t\t</tr>\r\n\t</tbody>\r\n</table>\r\n\r\n<p>例：会员王先生的每天有效投注额为100万，其中20万的有效投注额是参与PT电子游戏产生的，那王先生将得到额外的1000元积分（20万x0.5%=1000），积分和人民币的比例为1:1。</p>\r\n\r\n<h1>活动细则</h1>\r\n\r\n<ol>\r\n\t<li>积分统计时间：电游积分为实时统计(前台有效投注更新会略有延迟)。(AG，BBIN电游从2019年3月25日起生效)</li>\r\n\t<li>【电游积分】不包含：街机，捕鱼，棋牌，现场庄家，扑克，视频扑克，刮刮乐，牌桌，轮盘等类型的游戏。</li>\r\n\t<li>积分金额无上限，多投多得，您可以选择继续投注游戏也可以申请提款。</li>\r\n\t<li>该活动若存在文字理解的差异，则最终解释权归【腾博会】所有，且【腾博会】有权更改、结束、缩短、延长该活动。</li>\r\n</ol>", "link": null}