{"title": "复活礼金不封顶，腾博助您一臂之力", "time": "长期有效", "category": ["all"], "content": "<h3>什么是复活礼金？</h3>\r\n\r\n<h4>复活礼金是【腾博会】发给您的闯关红利奖金，在负盈利的情况下又可以复活重新进行游戏。</h4>\r\n\r\n<h3>如何获得复活礼金？</h3>\r\n\r\n<h4>按照会员每周的盈利情况而定，会员每周负盈利800元及以上（有效投注额 - 游戏派彩 - 本周领取的所有优惠 大于等于800）即可获得，复活礼金上不封顶。(开元/761/三国平台 棋牌类游戏除外，其他游戏正常参与)</h4>\r\n\r\n<h1>领取流程</h1>\r\n\r\n<ul>\r\n\t<li>进行游戏投注，产生周盈利</li>\r\n\t<li>&gt;</li>\r\n\t<li>一周负盈利达到或超过800</li>\r\n\t<li>&gt;</li>\r\n\t<li>每周三下午16点前由系统自动发放</li>\r\n\t<li>&gt;</li>\r\n\t<li>复活礼金可直接提现</li>\r\n</ul>\r\n\r\n<h1>复活礼金计算方式</h1>\r\n\r\n<table border=\"0\" cellpadding=\"0\" cellspacing=\"0\" style=\"width:100%\">\r\n\t<tbody>\r\n\t\t<tr>\r\n\t\t\t<th>周盈利</th>\r\n\t\t\t<th>复活礼金比例</th>\r\n\t\t\t<th>提款要求</th>\r\n\t\t</tr>\r\n\t\t<tr>\r\n\t\t\t<td>一周负盈利800及以上</td>\r\n\t\t\t<td>所有会员3%</td>\r\n\t\t\t<td>直接提现</td>\r\n\t\t</tr>\r\n\t</tbody>\r\n</table>\r\n\r\n<h1>活动细则</h1>\r\n\r\n<ol>\r\n\t<li>活动时间：长期有效（奖金规则已于2018年1月更新），负盈利统计规则已于2018年6月更新，由2018年6月18日开始执行。</li>\r\n\t<li>【腾博会】所有会员在满足条件后均可享受欢乐复活礼金。</li>\r\n\t<li>复活礼金结算周期：为每周一0点至周日23点59分59秒。</li>\r\n\t<li>复活礼金按照会员每周的盈利情况进行计算。会员一周负盈利800元及以上（有效投注额 - 游戏派彩 - 本周领取的所有优惠 大于等于800）即可获得复活礼金，每周返还负盈利的3%，复活礼金上不封顶。<br />\r\n\t<em>示例：用户A上周累计有效投注20000，游戏派彩18000，上周从所有优惠活动中共领取了1000礼金。那么ta产生的&nbsp;<strong>负盈利 = 有效投注20000 - 游戏派彩18000 - 优惠1000 = 1000</strong>，最终该用户可获得30元的复活礼金。</em></li>\r\n\t<li>复活礼金可直接提现。</li>\r\n\t<li>每位玩家﹑每户﹑每一住址、每一电子邮箱地址﹑每一电话号码﹑相同支付方式(相同借记卡/信用卡/银行账户) 及同一 IP地址（同一IP段将视为同一人）每周只能享受一次优惠。</li>\r\n\t<li>该活动若存在文字理解的差异，则最终解释权归【腾博会】所有，且【腾博会】有权更改、结束、缩短、延长该活动。</li>\r\n</ol>", "link": null}