{"title": "腾币乐翻天，商城送好礼！", "time": "2019-05-13起，长期有效", "category": ["all"], "content": "<h4>会员通过签到、任意游戏流水所获得的腾币，可在商城中进行幸运抽奖或兑换丰厚的商品！</h4>\r\n\r\n<h3>如何获得腾币</h3>\r\n\r\n<p>1. 签到：<br />\r\n会员每日登录腾博会，通过存款后(&ge;5元)，签到会获得30腾币的奖励。当月连续签到第7、15、30日，会得到7、15、30倍的腾币奖励。<a href=\"https://tbv3.tengbo6888.com/membercenter\">【前往签到】</a></p>\r\n\r\n<p>2. 游戏流水：<br />\r\n根据会员VIP不同的等级，按照每日的有效投注额，次日会进行相对应腾币数的折算(如图)。VIP等级越高，相同流水获得的腾币数也会越多。<a href=\"https://tbv3.tengbo6888.com/egame.aspx\">【去玩游戏】</a></p>\r\n\r\n<table border=\"0\" cellpadding=\"0\" cellspacing=\"0\" style=\"width:100%\">\r\n\t<tbody>\r\n\t\t<tr>\r\n\t\t\t<th rowspan=\"2\">游戏类别</th>\r\n\t\t\t<th colspan=\"6\">腾币结算=有效投注额*赠送比例</th>\r\n\t\t</tr>\r\n\t\t<tr>\r\n\t\t\t<th>普通VIP</th>\r\n\t\t\t<th>青铜VIP</th>\r\n\t\t\t<th>白银VIP</th>\r\n\t\t\t<th>黄金VIP</th>\r\n\t\t\t<th>钻石VIP</th>\r\n\t\t\t<th>至尊VIP</th>\r\n\t\t</tr>\r\n\t\t<tr>\r\n\t\t\t<td>电游街机</td>\r\n\t\t\t<td rowspan=\"3\">12%</td>\r\n\t\t\t<td rowspan=\"3\">16%</td>\r\n\t\t\t<td rowspan=\"3\">20%</td>\r\n\t\t\t<td rowspan=\"3\">24%</td>\r\n\t\t\t<td rowspan=\"3\">26%</td>\r\n\t\t\t<td rowspan=\"3\">28%</td>\r\n\t\t</tr>\r\n\t\t<tr>\r\n\t\t\t<td>棋牌</td>\r\n\t\t</tr>\r\n\t\t<tr>\r\n\t\t\t<td>捕鱼</td>\r\n\t\t</tr>\r\n\t\t<tr>\r\n\t\t\t<td>真人</td>\r\n\t\t\t<td>4%</td>\r\n\t\t\t<td>8%</td>\r\n\t\t\t<td>12%</td>\r\n\t\t\t<td>16%</td>\r\n\t\t\t<td>18%</td>\r\n\t\t\t<td>20%</td>\r\n\t\t</tr>\r\n\t\t<tr>\r\n\t\t\t<td>体育</td>\r\n\t\t\t<td rowspan=\"2\">16%</td>\r\n\t\t\t<td rowspan=\"2\">20%</td>\r\n\t\t\t<td rowspan=\"2\">24%</td>\r\n\t\t\t<td rowspan=\"2\">28%</td>\r\n\t\t\t<td rowspan=\"2\">30%</td>\r\n\t\t\t<td rowspan=\"2\">32%</td>\r\n\t\t</tr>\r\n\t\t<tr>\r\n\t\t\t<td>电竞</td>\r\n\t\t</tr>\r\n\t</tbody>\r\n</table>\r\n\r\n<p>例如：白银VIP会员，昨日电游投注为1000元，今日系统会赠送该会员200个腾币。</p>\r\n\r\n<h3>怎么使用腾币</h3>\r\n\r\n<p>1. 抽奖：<br />\r\n会员可使用腾币进行幸运大抽奖，礼品包括：彩金、存送券、实物商品。</p>\r\n\r\n<p>2. 兑换：<br />\r\n会员可使用腾币进行彩金、存送券、实物商品的兑换，一旦兑换，不可取消。</p>\r\n\r\n<h3>彩金</h3>\r\n\r\n<p>实时到账</p>\r\n\r\n<h3>存送券</h3>\r\n\r\n<p>可在存款时选择使用，仅支持（PT国际、PT亚洲、MG国际、MG亚洲、TTG、DT、SW、PP、PS、AE、CQ9、PNG、NT）下的旋转类老虎机；不包括游戏类型为现场庄家、视频扑克、街机游戏、桌面游戏、刮刮乐游戏、轮盘游戏、宾果游戏、捕鱼类游戏等，如参与这类游戏不计算流水并且腾博会有权收回所有红利及盈利。</p>\r\n\r\n<table border=\"0\" cellpadding=\"0\" cellspacing=\"0\" style=\"width:100%\">\r\n\t<tbody>\r\n\t\t<tr>\r\n\t\t\t<th>存送券</th>\r\n\t\t\t<th>单笔存款</th>\r\n\t\t\t<th>单笔存送上限</th>\r\n\t\t\t<th>提款要求</th>\r\n\t\t</tr>\r\n\t\t<tr>\r\n\t\t\t<td rowspan=\"3\">50%</td>\r\n\t\t\t<td>50 - 499.99</td>\r\n\t\t\t<td rowspan=\"5\">2888</td>\r\n\t\t\t<td>有效投注额=（存款金额+礼金）x 10倍</td>\r\n\t\t</tr>\r\n\t\t<tr>\r\n\t\t\t<td>500 - 4999.99</td>\r\n\t\t\t<td>有效投注额=（存款金额+礼金）x 12倍</td>\r\n\t\t</tr>\r\n\t\t<tr>\r\n\t\t\t<td>5000-9999.99</td>\r\n\t\t\t<td>有效投注额=（存款金额+礼金）x 15倍</td>\r\n\t\t</tr>\r\n\t\t<tr>\r\n\t\t\t<td rowspan=\"2\">88%</td>\r\n\t\t\t<td>50 - 499.99</td>\r\n\t\t\t<td>有效投注额=（存款金额+礼金）x 10倍</td>\r\n\t\t</tr>\r\n\t\t<tr>\r\n\t\t\t<td>500 - 4999.99</td>\r\n\t\t\t<td>有效投注额=（存款金额+礼金）x 12倍</td>\r\n\t\t</tr>\r\n\t</tbody>\r\n</table>\r\n\r\n<h3>实物商品</h3>\r\n\r\n<p>会员需填写真实的收货地址及联系方式，一旦兑换，不可取消。</p>\r\n\r\n<h3>双倍腾币活动开放日期</h3>\r\n\r\n<p>双倍腾币活动，是在以下节假日期间，所有会员的签到、流水折算腾币都会派发双倍奖励。</p>\r\n\r\n<table border=\"0\" cellpadding=\"0\" cellspacing=\"0\" style=\"width:100%\">\r\n\t<tbody>\r\n\t\t<tr>\r\n\t\t\t<th>节日名称</th>\r\n\t\t\t<th>节日时间(2019年)</th>\r\n\t\t</tr>\r\n\t\t<tr>\r\n\t\t\t<td>腾币商城上线</td>\r\n\t\t\t<td>5月13日~5月15日</td>\r\n\t\t</tr>\r\n\t\t<tr>\r\n\t\t\t<td>端午节</td>\r\n\t\t\t<td>6月7日~6月9日</td>\r\n\t\t</tr>\r\n\t\t<tr>\r\n\t\t\t<td>七夕节</td>\r\n\t\t\t<td>8月7日</td>\r\n\t\t</tr>\r\n\t\t<tr>\r\n\t\t\t<td>中秋节</td>\r\n\t\t\t<td>9月13日~9月15日</td>\r\n\t\t</tr>\r\n\t\t<tr>\r\n\t\t\t<td>国庆节</td>\r\n\t\t\t<td>10月1日~10月7日</td>\r\n\t\t</tr>\r\n\t\t<tr>\r\n\t\t\t<td>双十一</td>\r\n\t\t\t<td>11月11日</td>\r\n\t\t</tr>\r\n\t\t<tr>\r\n\t\t\t<td>双十二</td>\r\n\t\t\t<td>12月12日</td>\r\n\t\t</tr>\r\n\t\t<tr>\r\n\t\t\t<td>圣诞节</td>\r\n\t\t\t<td>12月25日</td>\r\n\t\t</tr>\r\n\t</tbody>\r\n</table>\r\n\r\n<h3>统计时间</h3>\r\n\r\n<p>1.签到：实时统计。</p>\r\n\r\n<p>2.腾币折算时间：次日上午08:30开始发放，发放略有延迟，请耐心等待。</p>\r\n\r\n<p>3.流水统计时间：每日凌晨5点，统计昨日0点-23:59:59的流水。</p>\r\n\r\n<h1>活动细则</h1>\r\n\r\n<ol>\r\n\t<li>活动对象：所有腾博会VIP及以上的会员。</li>\r\n\t<li>彩金(抽奖/兑换)不限游戏，只需1倍流水即可提款。</li>\r\n\t<li>如抽中实物商品，可将其兑换为网站提供的等值人民币（兑换的人民币会跟随实物价格的变化而调整）；兑换的实物商品，无法再兑换为人民币。</li>\r\n\t<li>抽奖实物商品的使用有效期：3天，抽奖及兑换的存送券使用有效期：30天。</li>\r\n\t<li>同一商品每位会员最多兑换3次/月，特殊节日的商品不限制兑换次数。</li>\r\n\t<li>支持设备：电脑/手机/Pad</li>\r\n\t<li>所有客户只能拥有一个账号：同一个IP、同一个存/提款卡、同一个手机号码、同一个邮箱都视为同一客户，如果腾博会发现客户有滥用此优惠的行为，我们保留撤回奖金及由此赢得的任何彩金的权利。一旦此情况发生，腾博会将终止此玩家享受此优惠的资格。</li>\r\n\t<li>该活动若存在文字理解的差异，则最终解释权归【腾博会】所有，且【腾博会】保留随时修改，暂停或取消活动的权利。</li>\r\n</ol>", "link": null}