{"title": "周年礼金", "time": "长期有效", "category": ["all", "normal"], "content": "<h3>什么是VIP周年礼金？</h3>\r\n\r\n<p>VIP周年礼金是【腾博会】为所有会员准备的周年大礼！以会员首次存款日期开始计算，时间每满一年且统计周期内累计存款总额不低于1000元的会员才有资格获得VIP周年礼金。</p>\r\n\r\n<h3>如何获得VIP周年礼金？</h3>\r\n\r\n<p>会员只要达到VIP周年礼金活动要求，系统将自动发放（礼金金额已于2018年4月更新）。</p>\r\n\r\n<h1>周年礼金列表及条件</h1>\r\n\r\n<table border=\"0\" cellpadding=\"0\" cellspacing=\"0\" style=\"width:100%\">\r\n\t<tbody>\r\n\t\t<tr>\r\n\t\t\t<th>会员级别</th>\r\n\t\t\t<th>VIP周年礼金</th>\r\n\t\t\t<th>提款要求</th>\r\n\t\t</tr>\r\n\t\t<tr>\r\n\t\t\t<td>普通VIP</td>\r\n\t\t\t<td>58</td>\r\n\t\t\t<td>1倍流水</td>\r\n\t\t</tr>\r\n\t\t<tr>\r\n\t\t\t<td>青铜VIP</td>\r\n\t\t\t<td>588</td>\r\n\t\t\t<td>1倍流水</td>\r\n\t\t</tr>\r\n\t\t<tr>\r\n\t\t\t<td>白银VIP</td>\r\n\t\t\t<td>1588</td>\r\n\t\t\t<td>1倍流水</td>\r\n\t\t</tr>\r\n\t\t<tr>\r\n\t\t\t<td>黄金VIP</td>\r\n\t\t\t<td>2888</td>\r\n\t\t\t<td>1倍流水</td>\r\n\t\t</tr>\r\n\t\t<tr>\r\n\t\t\t<td>钻石VIP</td>\r\n\t\t\t<td>5888</td>\r\n\t\t\t<td>1倍流水</td>\r\n\t\t</tr>\r\n\t\t<tr>\r\n\t\t\t<td>至尊VIP</td>\r\n\t\t\t<td>8888</td>\r\n\t\t\t<td>1倍流水</td>\r\n\t\t</tr>\r\n\t</tbody>\r\n</table>\r\n\r\n<h1>活动细则</h1>\r\n\r\n<ol>\r\n\t<li>VIP周年礼金以会员第一次存款日期开始，每满一整年后隔日凌晨1：30分开始发放（需要每一年累计存款1000元以上）。</li>\r\n\t<li>每位玩家﹑每户﹑每一住址、每一电子邮箱地址﹑每一电话号码﹑相同支付方式 (相同借记卡/信用卡/银行账户) 及同一 IP地址（同一IP段将视为同一人）每年只能享受一次该优惠。</li>\r\n\t<li>该活动若存在文字理解的差异，则最终解释权归【腾博会】所有，且【腾博会】有权更改、结束、缩短、延长该活动。</li>\r\n</ol>", "link": null}