{"title": "晋级礼金", "time": "长期有效", "category": ["all", "normal", "allGame", "egame", "live", "tiyu", "fish", "qipai"], "content": "<h3>什么是晋级奖金？</h3>\r\n\r\n<p>晋级奖金是【腾博会】提供给会员晋升级别时的奖励。</p>\r\n\r\n<h3>如何领取晋级奖金？</h3>\r\n\r\n<p>达到条件的会员在晋级成功后当天由相关部门审核后发放，无需申请。</p>\r\n\r\n<table border=\"0\" cellpadding=\"0\" cellspacing=\"0\" style=\"width:100%\">\r\n\t<tbody>\r\n\t\t<tr>\r\n\t\t\t<th>会员级别</th>\r\n\t\t\t<th>晋级周投注额</th>\r\n\t\t\t<th>晋级奖金</th>\r\n\t\t</tr>\r\n\t\t<tr>\r\n\t\t\t<td>青铜VIP</td>\r\n\t\t\t<td>&ge;50万</td>\r\n\t\t\t<td>588元</td>\r\n\t\t</tr>\r\n\t\t<tr>\r\n\t\t\t<td>白银VIP</td>\r\n\t\t\t<td>&ge;300万</td>\r\n\t\t\t<td>1588元</td>\r\n\t\t</tr>\r\n\t\t<tr>\r\n\t\t\t<td>黄金VIP</td>\r\n\t\t\t<td>&ge;500万</td>\r\n\t\t\t<td>2888元</td>\r\n\t\t</tr>\r\n\t\t<tr>\r\n\t\t\t<td>钻石VIP</td>\r\n\t\t\t<td>&ge;800万</td>\r\n\t\t\t<td>5888元</td>\r\n\t\t</tr>\r\n\t\t<tr>\r\n\t\t\t<td>至尊VIP</td>\r\n\t\t\t<td>&ge;1200万</td>\r\n\t\t\t<td>8888元</td>\r\n\t\t</tr>\r\n\t</tbody>\r\n</table>\r\n\r\n<h1>活动细则</h1>\r\n\r\n<ol>\r\n\t<li>所有会员在达到条件后均可获得此晋级奖金（奖金金额已于2018年4月更新）。</li>\r\n\t<li>平台流水计算为北京时间每周一 00:00 到 周日 23:59:59。</li>\r\n\t<li>会员在统计时间内如达到晋级投注要求，系统将在每周一早上09:00前自动为会员提升等级并发放相应晋级礼金。</li>\r\n\t<li>如会员是普通VIP，在统计时间内达到晋级黄金VIP的投注要求，会直接晋级为黄金VIP，按照黄金VIP的晋级礼金发放，青铜VIP和白银VIP的晋级礼金则不再发放。</li>\r\n\t<li>该晋级奖金可直接提现。</li>\r\n\t<li>该活动若存在文字理解的差异，则最终解释权归【腾博会】所有，且【腾博会】有权更改、结束、缩短、延长该活动。</li>\r\n</ol>", "link": null}