{"title": "周周红利 最高8888", "time": "长期有效", "category": ["all", "normal", "allGame", "egame", "live", "tiyu", "fish", "qipai"], "content": "<h3>什么是周周红利？</h3>\r\n\r\n<p>【腾博会】会员只需要在一周时间内有效投注额&ge;10万即可获得返奖红利，最高8888元。</p>\r\n\r\n<p>&nbsp;</p>\r\n\r\n<h1>周周红利各平台统计时间</h1>\r\n\r\n<ol>\r\n\t<li>PT国际、PT亚洲、AG、CQ9、GG捕鱼、波音、YP街机、平博体育、IM体育/电竞 每周一中午12:00 至 下周一中午12:00。</li>\r\n\t<li>MG亚洲、PP、PNG 每周一上午8:00 至 下周一上午07:59:59。</li>\r\n\t<li>TTG、DT、SW、PS、AE、开元棋牌、761棋牌、三国棋牌 每周一上午00:00:00 至 周日晚上23:59:59。</li>\r\n\t<li>NT 每周一下午16:00:00 至下周一 15:59:59。\r\n\t<p>（例：星期一下午4点 到 星期二下午15点59分59秒，算作一天。）</p>\r\n\t</li>\r\n</ol>\r\n\r\n<h3>周周红利如何领取？</h3>\r\n\r\n<p>投注额越高，红利越多。无需申请，系统自动发放。</p>\r\n\r\n<h1>周周红利邀您分享：</h1>\r\n\r\n<table border=\"0\" cellpadding=\"0\" cellspacing=\"0\" style=\"width:100%\">\r\n\t<tbody>\r\n\t\t<tr>\r\n\t\t\t<th>一周有效投注额</th>\r\n\t\t\t<th>周周红利</th>\r\n\t\t</tr>\r\n\t\t<tr>\r\n\t\t\t<td>&ge;10万</td>\r\n\t\t\t<td>38</td>\r\n\t\t</tr>\r\n\t\t<tr>\r\n\t\t\t<td>&ge;50万</td>\r\n\t\t\t<td>188</td>\r\n\t\t</tr>\r\n\t\t<tr>\r\n\t\t\t<td>&ge;100万</td>\r\n\t\t\t<td>388</td>\r\n\t\t</tr>\r\n\t\t<tr>\r\n\t\t\t<td>&ge;300万</td>\r\n\t\t\t<td>1288</td>\r\n\t\t</tr>\r\n\t\t<tr>\r\n\t\t\t<td>&ge;500万</td>\r\n\t\t\t<td>2888</td>\r\n\t\t</tr>\r\n\t\t<tr>\r\n\t\t\t<td>&ge;1000万</td>\r\n\t\t\t<td>8888</td>\r\n\t\t</tr>\r\n\t</tbody>\r\n</table>\r\n\r\n<h1>活动说明</h1>\r\n\r\n<ol>\r\n\t<li>活动时间：长期有效。</li>\r\n\t<li>【腾博会】所有会员均可享受【周周红利】奖金。</li>\r\n\t<li>会员只需在活动期间的一周时间内有效投注额&ge;10万即可获得红利（投注额越多，红利越高）。</li>\r\n\t<li>该红利礼金将在每周四下午16点前由系统自动发放到会员的游戏账户中。</li>\r\n\t<li>该红利礼金适用于所有游戏，可直接提现。</li>\r\n\t<li>【首存优惠】和【周周红利】优惠不能在同一周且不能同时享受。</li>\r\n\t<li>本优惠若发现恶意套利者【腾博会】有权扣除红利甚至没收本金。</li>\r\n\t<li>该活动若存在文字理解的差异，则最终解释权归【腾博会】所有，且【腾博会】有权更改、结束、缩短、延长该活动。</li>\r\n</ol>", "link": null}