{"title": "绿色通道入款赠送1%", "time": "长期有效", "category": ["all", "deposit", "normal"], "content": "<h3>什么是绿色通道入款方式？</h3>\r\n\r\n<p>会员通过个人中心的【绿色通道】进行存款，即可获赠1%优惠红利！红利最高可达10000元。</p>\r\n\r\n<h3>存款红利计算方式是怎样的？</h3>\r\n\r\n<p>存款红利 = 存款总额 X 1%，单笔上限300元。 例如：通过后台的【绿色通道】单次存款5,000元即可获赠50元的存款利息。</p>\r\n\r\n<h1>领取流程：</h1>\r\n\r\n<ol>\r\n\t<li>使用【绿色通道】存款金额不限 。</li>\r\n\t<li>由系统自动发放，无需申请。</li>\r\n\t<li>存款红利免费赠送，和存款一样达到一倍流水即可提款 。</li>\r\n</ol>\r\n\r\n<h1>利息领取：</h1>\r\n\r\n<table border=\"0\" cellpadding=\"0\" cellspacing=\"0\" style=\"width:100%\">\r\n\t<tbody>\r\n\t\t<tr>\r\n\t\t\t<th>单次存款金额</th>\r\n\t\t\t<th>存款红利利率</th>\r\n\t\t\t<th>红利领取</th>\r\n\t\t</tr>\r\n\t\t<tr>\r\n\t\t\t<td>5,000元</td>\r\n\t\t\t<td>1%</td>\r\n\t\t\t<td>50元</td>\r\n\t\t</tr>\r\n\t</tbody>\r\n</table>\r\n\r\n<h1>活动说明</h1>\r\n\r\n<ol>\r\n\t<li>此优惠针对所有新老会员。</li>\r\n\t<li>此优惠只支持网银转账、手机转账。</li>\r\n\t<li>此优惠无需申请，只要通过【绿色通道】红利就会随存款金额一并自动添加到帐。</li>\r\n\t<li>此次优惠推广可以与本娱乐城的其他的优惠、奖励或推广活动同时享用。</li>\r\n\t<li>绿色通道入款参与笔笔存送的玩家，可正常享受绿通红利且仍需1倍流水提款。<br />\r\n\t<em>例：绿通存款&nbsp;<strong>100</strong>&nbsp;元，享受绿通红利&nbsp;<strong>1</strong>&nbsp;元、笔笔存送礼金&nbsp;<strong>10</strong>&nbsp;元；提款所需流水为&nbsp;<strong>1101</strong>&nbsp;元【（存款金额&nbsp;<strong>100</strong>&nbsp;元+笔笔存送礼金&nbsp;<strong>10</strong>&nbsp;元）x 10倍+绿通红利&nbsp;<strong>1</strong>&nbsp;元】</em></li>\r\n\t<li>每人每日可以获得存款红利的上限为10000元。</li>\r\n\t<li>提款所需投注额是指有效投注量，所有无效、注单取消、平局投注以及无风险投注，均不会计算在有效的投注额内（所谓无风险投注的范例为：在一手牌中平均投注不同结果，使得投注没有任何输的风险或在轮盘中同时投注红色和黑色，在百家乐中同时投注庄家和闲家等等）。</li>\r\n\t<li>该活动若存在文字理解的差异，则最终解释权归【腾博会】所有，且【腾博会】有权更改、结束、缩短、延长该活动。</li>\r\n</ol>", "link": "{\"name\":\"立即存款\",\"route\":{\"name\":\"Deposit\"}}"}