{"title": "捕鱼积分大派送", "time": "2019-03-18起，长期有效", "category": ["all", "fish"], "content": "<h4>腾博会会员每天参与捕鱼游戏所产生的有效投注额，即可直接领取捕鱼积分。【我要申领】</h4>\r\n\r\n<h3>领取捕鱼积分</h3>\r\n\r\n<p>会员捕鱼游戏有效投注额越高，大派送的积分越多！捕鱼游戏积分派送可在【自助优惠】的【自助洗码】页面随时领取！</p>\r\n\r\n<p>如会员不进行自助领取，系统将在每周一上午10:00前自动发放上一周未领取的积分礼金。</p>\r\n\r\n<h1>捕鱼积分大派送计算方式：</h1>\r\n\r\n<table border=\"0\" cellpadding=\"0\" cellspacing=\"0\" style=\"width:100%\">\r\n\t<tbody>\r\n\t\t<tr>\r\n\t\t\t<th>会员等级</th>\r\n\t\t\t<th>每天有效投注额</th>\r\n\t\t\t<th>大派送比例</th>\r\n\t\t\t<th>积分提现</th>\r\n\t\t</tr>\r\n\t\t<tr>\r\n\t\t\t<td>所有会员</td>\r\n\t\t\t<td>不限</td>\r\n\t\t\t<td>0.3%</td>\r\n\t\t\t<td>金额上限不封顶，达到1元可随时领取，积分金额可直接提款。</td>\r\n\t\t</tr>\r\n\t</tbody>\r\n</table>\r\n\r\n<p>例：会员王先生的每天捕鱼游戏的总有效投注额为100万，那王先生将得到额外的3000元积分（100万x0.3%=3000），积分和人民币的比例为1:1。</p>\r\n\r\n<h1>活动细则</h1>\r\n\r\n<ol>\r\n\t<li>积分统计时间：捕鱼积分为实时统计(前台有效投注更新会略有延迟)。</li>\r\n\t<li>积分金额无上限，多投多得，您可以选择继续投注游戏也可以申请提款。</li>\r\n\t<li>该活动若存在文字理解的差异，则最终解释权归【腾博会】所有，且【腾博会】有权更改、结束、缩短、延长该活动。</li>\r\n</ol>", "link": null}