{"title": "千倍百倍，锦上添花！", "time": "2019年03月14日至2019年12月01日(00:00:00-23:45:00)", "category": ["all", "allGame", "egame"], "content": "<h1>什么是千倍百倍优惠？</h1>\r\n\r\n<p>当游戏的中奖牌局总派彩为投入额百倍以上时派发的奖金，满足条件的会员可自助申领。</p>\r\n\r\n<h1>仅支持电游老虎机游戏：</h1>\r\n\r\n<p>自助领取平台： PT国际、PT亚洲、BBIN、AG、SW、PP、PS、MG亚洲平台。<br />\r\n自助提交平台： MG国际、CQ9、DT、AE、NT、TTG、PNG平台。</p>\r\n\r\n<p>（不包括平台中的捕鱼游戏、现场庄家、视频扑克、街机游戏、牌桌游戏和刮刮乐等游戏。）</p>\r\n\r\n<h1>如何查看千倍百倍注单号？</h1>\r\n\r\n<p><a href=\"javascript:;\" id=\"showPayHelp\">点击查看</a></p>\r\n\r\n<h1>如何领取千百倍礼金：</h1>\r\n\r\n<p>用户可在【自助优惠】下的【千倍百倍】页面查看可领取千百倍奖金，选择满足条件的平台申领后，奖金将自动发放至您的主账户中。<a href=\"https://tbv3.tengbo6888.com/Promotion/41.aspx#!\" onclick=\"gotoZzyh(47)\">【我要申领】</a></p>\r\n\r\n<table border=\"0\" cellpadding=\"0\" cellspacing=\"0\" style=\"width:80%\">\r\n\t<thead>\r\n\t\t<tr>\r\n\t\t\t<th>单笔最低投注额</th>\r\n\t\t\t<th>盈利倍数</th>\r\n\t\t\t<th>奖金</th>\r\n\t\t\t<th>流水要求</th>\r\n\t\t</tr>\r\n\t</thead>\r\n\t<tbody>\r\n\t\t<tr>\r\n\t\t\t<td rowspan=\"3\">1元</td>\r\n\t\t\t<td>100-499倍</td>\r\n\t\t\t<td>8</td>\r\n\t\t\t<td rowspan=\"3\">12倍</td>\r\n\t\t</tr>\r\n\t\t<tr>\r\n\t\t\t<td>500-999倍</td>\r\n\t\t\t<td>100</td>\r\n\t\t</tr>\r\n\t\t<tr>\r\n\t\t\t<td>1000倍及以上</td>\r\n\t\t\t<td>200</td>\r\n\t\t</tr>\r\n\t</tbody>\r\n</table>\r\n\r\n<h1>活动细则：</h1>\r\n\r\n<ol>\r\n\t<li>活动对象：所有腾博会普通VIP及以上的会员。</li>\r\n\t<li>当天游戏中获得【千倍百倍】优惠记录时，需达到当天最低存款200元，方可申请此奖金。千倍百倍奖金每人每日仅可申领一次。</li>\r\n\t<li>单局盈利倍数计算方式为：倍数 = 总派彩 / 赌注(BET)，中奖当局赌注(BET)必须在1元以上。</li>\r\n\t<li>免费游戏、二次消除、特色奖励、Jackpot奖池、bonus红利产生的注单，均不具备参与此活动的资格。<br />\r\n\t比如: 投注10元，中了30元，同时获得10个免费游戏，免费游戏中了1000元或以上。</li>\r\n\t<li>仅限产生注单号的游戏账号申请。</li>\r\n\t<li>TTG游戏以&ldquo;手数编号&rdquo;为审核标准；手机无法查询TTG游戏记录，请使用电脑查询。</li>\r\n\t<li>所有因任何因素被取消的注单，或因中奖后彩金加码游戏所产生的单号，均不在计算范围之内。</li>\r\n\t<li>千倍百倍奖金需在中奖当天内申领，0点后将重新统计，逾期视为无效或放弃此次优惠。(系统自动将AG和波音的美东时间换算成北京时间，AG统计至每日23:30结束)</li>\r\n\t<li>当流水限额完成，所获取奖金达到12倍有效投注额（例如: 获得8元奖金，则须达到有效投注额96元），才能对主账户申请提款。</li>\r\n\t<li>该活动若存在文字理解的差异，则最终解释权归【腾博会】所有，且【腾博会】有权更改、结束、缩短、延长该活动。</li>\r\n</ol>", "link": null}