{"title": "棋牌众乐金——鸿运天天有，彩金送不停！", "time": "2019-03-04至2019-11-01", "category": ["all", "limit", "allGame", "qipai"], "content": "<p>活动期间，会员根据当天在【开元棋牌】、【761棋牌】指定的游戏中，每局产生的符合要求的牌面，在指定的时间内即可申领胜局的投注额的1倍奖金(上限588元)，用户可在【自助优惠】的【棋牌众乐金】页申领。</p>\r\n\r\n<h1>参与游戏：</h1>\r\n\r\n<p>【抢庄牛牛】【通比牛牛】【炸金花】【极速炸金花】【德州扑克】【二八杠】【抢庄牌九】【三公】【港式五张】</p>\r\n\r\n<h1>棋牌众乐金计算：</h1>\r\n\r\n<table border=\"0\" cellpadding=\"0\" cellspacing=\"0\" style=\"width:100%\">\r\n\t<tbody>\r\n\t\t<tr>\r\n\t\t\t<th>游戏名称</th>\r\n\t\t\t<th>中奖牌型</th>\r\n\t\t\t<th>奖金区间</th>\r\n\t\t\t<th>奖金上限</th>\r\n\t\t\t<th>流水要求</th>\r\n\t\t</tr>\r\n\t\t<tr>\r\n\t\t\t<td>抢庄牛牛</td>\r\n\t\t\t<td>五小牛</td>\r\n\t\t\t<td rowspan=\"11\">胜局投注额的1倍</td>\r\n\t\t\t<td rowspan=\"11\">588元</td>\r\n\t\t\t<td rowspan=\"11\">10倍流水</td>\r\n\t\t</tr>\r\n\t\t<tr>\r\n\t\t\t<td>通比牛牛</td>\r\n\t\t\t<td>五小牛</td>\r\n\t\t</tr>\r\n\t\t<tr>\r\n\t\t\t<td>炸金花</td>\r\n\t\t\t<td>豹子</td>\r\n\t\t</tr>\r\n\t\t<tr>\r\n\t\t\t<td>极速炸金花</td>\r\n\t\t\t<td>豹子</td>\r\n\t\t</tr>\r\n\t\t<tr>\r\n\t\t\t<td>德州扑克</td>\r\n\t\t\t<td>皇家同花顺</td>\r\n\t\t</tr>\r\n\t\t<tr>\r\n\t\t\t<td>二八杠</td>\r\n\t\t\t<td>二八杠</td>\r\n\t\t</tr>\r\n\t\t<tr>\r\n\t\t\t<td>抢庄牌九</td>\r\n\t\t\t<td>至尊</td>\r\n\t\t</tr>\r\n\t\t<tr>\r\n\t\t\t<td>三公</td>\r\n\t\t\t<td>爆九</td>\r\n\t\t</tr>\r\n\t\t<tr>\r\n\t\t\t<td>港式五张</td>\r\n\t\t\t<td>皇家同花顺</td>\r\n\t\t</tr>\r\n\t</tbody>\r\n</table>\r\n\r\n<h1>活动规则：</h1>\r\n\r\n<ol>\r\n\t<li>活动对象：所有用户。</li>\r\n\t<li>每位用户每天只可领取一次众乐金，如当日未领取，则视为自动放弃该奖励，第二日将清零重新统计。</li>\r\n\t<li>活动礼金不限游戏，只需10倍流水即可提款。</li>\r\n\t<li>支持设备：电脑/手机/Pad</li>\r\n\t<li>所有用户只能拥有一个账号：同一个IP、同一个存/提款卡、同一个手机号码、同一个邮箱都视为同一客户，如果腾博会发现客户有滥用此优惠的行为，我们保留撤回奖金及由此赢得的任何彩金的权利。一旦此情况发生，腾博会将终止此玩家的享受此优惠的资格。</li>\r\n\t<li>该活动若存在文字理解的差异，则最终解释权归【腾博会】所有，且【腾博会】保留随时修改，暂停或取消活动的权利。</li>\r\n</ol>", "link": "{\"name\":\"自助申领\",\"route\":{\"name\":\"PromoHappy\"}}"}