{"title": "推荐新会员，礼金大派送！", "time": "长期有效", "category": ["all"], "content": "<p>在VIP会员成功推荐好友注册后，对好友的第一、二、三笔存款，以及好友的每一次VIP等级的晋级，平台都会提供丰厚的礼金，以此来回馈会员对平台的支持与厚爱。【我要申领】</p>\r\n\r\n<p>推荐礼金的发放详情如下表所示(<em>2018年12月14日 12:00 生效</em>)。</p>\r\n\r\n<table border=\"0\" cellpadding=\"0\" cellspacing=\"0\" style=\"width:99%\">\r\n\t<thead>\r\n\t\t<tr>\r\n\t\t\t<th>被推荐人存款</th>\r\n\t\t\t<th>推荐人返送比例</th>\r\n\t\t\t<th>单笔赠送上限</th>\r\n\t\t\t<th>流水要求</th>\r\n\t\t\t<th>发放形式</th>\r\n\t\t</tr>\r\n\t</thead>\r\n\t<tbody>\r\n\t\t<tr>\r\n\t\t\t<td>首次存款</td>\r\n\t\t\t<td>10%</td>\r\n\t\t\t<td rowspan=\"3\">888</td>\r\n\t\t\t<td rowspan=\"3\">10倍流水</td>\r\n\t\t\t<td>自助申领</td>\r\n\t\t</tr>\r\n\t\t<tr>\r\n\t\t\t<td>二次存款</td>\r\n\t\t\t<td>20%</td>\r\n\t\t\t<td>自助领取</td>\r\n\t\t</tr>\r\n\t\t<tr>\r\n\t\t\t<td>三次存款</td>\r\n\t\t\t<td>30%</td>\r\n\t\t\t<td>自助领取</td>\r\n\t\t</tr>\r\n\t</tbody>\r\n</table>\r\n\r\n<table border=\"0\" cellpadding=\"0\" cellspacing=\"0\" style=\"width:99%\">\r\n\t<thead>\r\n\t\t<tr>\r\n\t\t\t<th>被推荐人VIP等级晋升</th>\r\n\t\t\t<th>推荐人返送礼金</th>\r\n\t\t\t<th>流水要求</th>\r\n\t\t\t<th>发放形式</th>\r\n\t\t</tr>\r\n\t</thead>\r\n\t<tbody>\r\n\t\t<tr>\r\n\t\t\t<td>青铜VIP</td>\r\n\t\t\t<td>188</td>\r\n\t\t\t<td rowspan=\"5\">10倍流水</td>\r\n\t\t\t<td rowspan=\"5\">自动发放</td>\r\n\t\t</tr>\r\n\t\t<tr>\r\n\t\t\t<td>白银VIP</td>\r\n\t\t\t<td>588</td>\r\n\t\t</tr>\r\n\t\t<tr>\r\n\t\t\t<td>黄金VIP</td>\r\n\t\t\t<td>888</td>\r\n\t\t</tr>\r\n\t\t<tr>\r\n\t\t\t<td>钻石VIP</td>\r\n\t\t\t<td>1588</td>\r\n\t\t</tr>\r\n\t\t<tr>\r\n\t\t\t<td>至尊VIP</td>\r\n\t\t\t<td>2888</td>\r\n\t\t</tr>\r\n\t</tbody>\r\n</table>\r\n\r\n<p>被推荐人首次存款返送的礼金会在审核后由系统自动发放到推荐人的主账户中，第二、三次存款返送的礼金可在【好友活跃礼金】页面直接领取。</p>\r\n\r\n<h1>活动细则：</h1>\r\n\r\n<ol>\r\n\t<li>推荐人必须是腾博会的VIP或以上的手机认证会员，被推荐人的手机需完成认证，注册信息也需完善。</li>\r\n\t<li>此优惠活动的推荐人和被推荐的朋友，不能来自于同一位客户、同一台电脑、同一个住址、同一个电子邮箱、同一个QQ、同一个电话号码和同一个IP。</li>\r\n\t<li>此优惠活动意在答谢真诚推荐朋友的娱乐性质玩家，如发现任何人/团体/组织以不诚实的手段合伙套取红利或其他利益，【腾博会】将会取消其好友推荐的资格，严重则冻结其账户及没收所有结余。</li>\r\n\t<li>被推荐人的注册、首存时间必须迟于推荐人，审核时间最长为3天，被推荐人只允许有一个推荐人。被推荐人必须使用独立的账户、银行账户和IP，即可通过审核。</li>\r\n\t<li>被推荐用户在注册的时候可以在注册表中填入推荐人账号或联系客服填入推荐人账号。【腾博会】的相关部门在收到推荐请求后，将确认推荐关系，确认无误后即可通过审核。</li>\r\n\t<li>被推荐的会员如是2018年12月14日12:00前注册或存款的，依然执行旧版规则(领取被推荐人的首存10%，上限1800，5倍流水)。</li>\r\n\t<li>推荐人返送礼金发放条件：推荐人需要在被推荐人晋级前成功领取推荐礼金。</li>\r\n\t<li>好友礼金只支持以下游戏平台（PT国际、PT亚洲、MG国际、MG亚洲、TTG、DT、SW、PP、PS、AE、CQ9、PNG、NT）下的旋转类老虎机(除AG，BBIN外)；不包含：捕鱼，棋牌类，现场庄家，扑克类，视频扑克，刮刮乐，牌桌游戏，轮盘等类型的游戏，如参与这类游戏不计算流水并且腾博会有权收回所有红利及盈利。</li>\r\n\t<li>该活动若存在文字理解的差异，则最终解释权归【腾博会】所有，且【腾博会】有权更改、结束、缩短、延长该活动。</li>\r\n</ol>", "link": null}