{"title": "沾喜气，抢红包！", "time": "2018-12-03起，不定期开启", "category": ["all", "normal"], "content": "<p>喜气红包活动：当网站有会员中奖30万及以上奖金的时候(包含免费转)，平台会派发不定量的红包，让大家都能分享这份喜悦。喜气从天降，好运带给您！</p>\r\n\r\n<h1>抢红包时间：</h1>\r\n\r\n<p>网站更新中奖消息后，当天14：00--16：00，19：00--23：59 两个时间段派发红包，红包数量有限，先到先得。</p>\r\n\r\n<h1>红包数量及金额：</h1>\r\n\r\n<p>不定，会员中奖金额越大，红包总数量及金额也会越多。</p>\r\n\r\n<h1>活动规则：</h1>\r\n\r\n<ol>\r\n\t<li>活动对象：所有腾博会普通VIP及以上的会员。</li>\r\n\t<li>抢红包：更新中奖显示后，会员只需刷新页面即可显示喜气红包，活动开启当天每位会员仅限领取一次。</li>\r\n\t<li>活动礼金不限游戏，只需1倍流水即可提款。</li>\r\n\t<li>支持设备：电脑/手机/Pad</li>\r\n\t<li>所有客户只能拥有一个账号：同一个IP、同一个存/提款卡、同一个手机号码、同一个邮箱都视为同一客户，如果腾博会发现客户有滥用此优惠的行为，我们保留撤回奖金及由此赢得的任何彩金的权利。一旦此情况发生，腾博会将终止此玩家享受此优惠的资格。</li>\r\n\t<li>该活动若存在文字理解的差异，则最终解释权归【腾博会】所有，且【腾博会】保留随时修改，暂停或取消活动的权利。</li>\r\n</ol>", "link": null}