{"title": "棋牌奖励金-牌除烦恼，棋乐无穷！", "time": "长期有效", "category": ["all", "normal", "allGame", "qipai"], "content": "<p>系统根据会员上一天在开元棋牌、761棋牌、三国棋牌平台所完成游戏的总局数，且当天在三棋牌平台的总有效投注额&ge;1000元，即会返送相对应的奖励金。在达到相应的要求后，用户可在【自助优惠】的【棋牌奖励金】页申领。</p>\r\n\r\n<h1>统计时间：</h1>\r\n\r\n<p>每日16点前，统计昨日北京时间00点--23点59分59秒产生的总局数。</p>\r\n\r\n<h1>领取时间：</h1>\r\n\r\n<p>每天的下午16:00:00 至 当天晚上 23:59:59 领取上一天的奖励金，过时则视为自动放弃当日奖励。</p>\r\n\r\n<h1>参与平台：</h1>\r\n\r\n<p>【开元棋牌】、【761棋牌】、【三国棋牌】下的所有类型的棋牌游戏<span style=\"color:#e74c3c;\">(不包含棋牌游戏下的：捕鱼、街机、电游类型的游戏)</span>。</p>\r\n\r\n<h1>棋牌奖励金计算：</h1>\r\n\r\n<table border=\"0\" cellpadding=\"0\" cellspacing=\"0\" style=\"width:100%\">\r\n\t<tbody>\r\n\t\t<tr>\r\n\t\t\t<th>完成的总局数</th>\r\n\t\t\t<th>奖励金</th>\r\n\t\t\t<th>提款要求</th>\r\n\t\t</tr>\r\n\t\t<tr>\r\n\t\t\t<td>200-499</td>\r\n\t\t\t<td>8</td>\r\n\t\t\t<td rowspan=\"5\">一倍流水</td>\r\n\t\t</tr>\r\n\t\t<tr>\r\n\t\t\t<td>500-999</td>\r\n\t\t\t<td>18</td>\r\n\t\t</tr>\r\n\t\t<tr>\r\n\t\t\t<td>1000-1999</td>\r\n\t\t\t<td>38</td>\r\n\t\t</tr>\r\n\t\t<tr>\r\n\t\t\t<td>2000-4999</td>\r\n\t\t\t<td>88</td>\r\n\t\t</tr>\r\n\t\t<tr>\r\n\t\t\t<td>5000及以上</td>\r\n\t\t\t<td>388</td>\r\n\t\t</tr>\r\n\t</tbody>\r\n</table>\r\n\r\n<h1>活动规则：</h1>\r\n\r\n<ol>\r\n\t<li>凡是通过腾博会进入【开元棋牌】、【761棋牌】、【三国棋牌】进行棋牌类游戏的玩家，根据会员每日在三棋牌平台所完成的游戏总局数，且当天在三棋牌平台的总有效投注额&ge;1000元，即可获得对应的奖励金。</li>\r\n\t<li>活动对象：所有用户。</li>\r\n\t<li>每日活动的奖励金不可累积，如用户在某一天未领取奖励金，则视为自动放弃该奖励将清零重新统计。</li>\r\n\t<li>活动礼金不限游戏，只需1倍流水即可提款。</li>\r\n\t<li>支持设备：电脑/手机/Pad</li>\r\n\t<li>所有客户只能拥有一个账号：同一个IP、同一个存/提款卡、同一个手机号码、同一个邮箱都视为同一客户，如果腾博会发现客户有滥用此优惠的行为，我们保留撤回奖金及由此赢得的任何彩金的权利。一旦此情况发生，腾博会将终止此玩家的享受此优惠的资格。</li>\r\n\t<li>该活动若存在文字理解的差异，则最终解释权归【腾博会】所有，且【腾博会】保留随时修改，暂停或取消活动的权利。</li>\r\n</ol>", "link": "{\"name\":\"自助申领\",\"route\":{\"name\":\"PromoBonus\"}}"}