[{"title": "千倍百倍", "time": "2019年03月14日至2019年12月1日 (00:00:00-23:45:00", "banner": "", "category": ["all", "allGame", "egame"], "link": null, "isDirect": false, "id": 1}, {"title": "腾币乐翻天，商城送好礼！", "time": "2019-05-13起，长期有效", "banner": "", "category": ["all"], "link": null, "isDirect": false, "id": 2}, {"title": "捕鱼积分大派送", "time": "2019-03-18起，长期有效", "banner": "", "category": ["all", "fish"], "link": null, "isDirect": false, "id": 3}, {"title": "千倍百倍，锦上添花！", "time": "2019年03月14日至2019年12月01日(00:00:00-23:45:00)", "banner": "", "category": ["all", "allGame", "egame"], "link": null, "isDirect": false, "id": 4}, {"title": "棋牌众乐金——鸿运天天有，彩金送不停！", "time": "2019年03月04日至2019年11月01日 (00:00:00-23:45:00)", "banner": "", "category": ["all", "qipai"], "link": null, "isDirect": false, "id": 5}, {"title": "推荐新会员，礼金大派送！", "time": "长期有效", "banner": "", "category": ["all"], "link": null, "isDirect": false, "id": 6}, {"title": "沾喜气，抢红包！", "time": "2018-12-03起，不定期开启", "banner": "", "category": ["all"], "link": null, "isDirect": false, "id": 7}, {"title": "棋牌救援金——牌沙见金，棋开得胜！", "time": "2018-08-01起，长期有效", "banner": "", "category": ["all"], "link": null, "isDirect": false, "id": 8}, {"title": "棋牌奖励金-牌除烦恼，棋乐无穷！", "time": "长期有效", "banner": "", "category": ["all", "qipai"], "link": null, "isDirect": false, "id": 9}, {"title": "腾博会星级VIP，尊享7大特权！", "time": "自2018-05-01起，长期有效", "banner": "", "category": ["all"], "link": null, "isDirect": false, "id": 10}, {"title": "VIP月度救援金，金额无上限！", "time": "2018-05-01起，长期有效", "banner": "", "category": ["all"], "link": null, "isDirect": false, "id": 11}, {"title": "笔笔存送爽翻天 - 壕情狂欢，优惠不断！", "time": "长期有效", "banner": "", "category": ["all"], "link": null, "isDirect": false, "id": 12}, {"title": "幸运注单自助领  笔笔投注是机会！", "time": "2018-12-03 12:00:00 至 2019-11-01 23:59:59", "banner": "", "category": ["all"], "link": null, "isDirect": false, "id": 13}, {"title": "周勤礼金周周送，最高可达8888元！", "time": "长期有效", "banner": "", "category": ["all"], "link": null, "isDirect": false, "id": 14}, {"title": "信息认证红利", "time": "长期有效", "banner": "", "category": ["all"], "link": null, "isDirect": false, "id": 15}, {"title": "用户首存优惠 最高58%等您来拿！", "time": "长期有效", "banner": "", "category": ["all"], "link": null, "isDirect": false, "id": 16}, {"title": "天天洗码无上限！超高返水1.7%", "time": "长期有效", "banner": "promoIntro/1525598584641832c588863.jpeg", "category": ["all"], "link": null, "isDirect": false, "id": 17}, {"title": "老虎机电游积分大派送", "time": "长期有效", "banner": "", "category": ["all"], "link": null, "isDirect": false, "id": 18}, {"title": "复活礼金不封顶，腾博助您一臂之力", "time": "长期有效", "banner": "", "category": ["all"], "link": null, "isDirect": false, "id": 19}, {"title": "周年礼金", "time": "长期有效", "banner": "", "category": ["all"], "link": null, "isDirect": false, "id": 20}, {"title": "晋级礼金", "time": "长期有效", "banner": "", "category": ["all"], "link": null, "isDirect": false, "id": 21}, {"title": "周周红利 最高8888", "time": "长期有效", "banner": "", "category": ["all"], "link": null, "isDirect": false, "id": 22}, {"title": "绿色通道入款赠送1%", "time": "长期有效", "banner": "", "category": ["all"], "link": null, "isDirect": false, "id": 23}, {"title": "免费旋转天天有 腾博电游嗨翻天！", "time": "长期有效", "banner": "", "category": ["all"], "link": "{name:\"\"}", "isDirect": false, "id": 24}, {"title": "AG百万赌神赛，月月有惊喜！", "time": "已过期", "banner": "", "category": ["history"], "link": null, "isDirect": false, "id": 25}, {"title": "AG-赌城今晚夜不眠，送你试玩不会倦", "time": "已过期", "banner": "", "category": ["history"], "link": null, "isDirect": false, "id": 26}, {"title": "PP-超级辣，送很大", "time": "已过期", "banner": "", "category": ["history"], "link": null, "isDirect": false, "id": 27}, {"title": "十一红包交好运，众游惠聚送金喜！", "time": "已过期", "banner": "", "category": ["history"], "link": null, "isDirect": false, "id": 28}]