[{"title": "千倍百倍", "time": "2019-03-14 至2019-12-1", "banner": "promoIntro/013.jpg", "category": ["all", "allGame", "egame"], "link": "{\"name\":\"自助申领\",\"route\":{\"name\":\"PromoTimes\"}}", "isDirect": false, "id": 1}, {"title": "腾币乐翻天，商城送好礼！", "time": "2019-05-13起，长期有效", "banner": "promoIntro/001.jpg", "category": ["all", "deposit", "normal", "allGame", "egame", "live"], "link": "{\"name\":\"前往签到\",\"route\":{\"name\":\"Deposit\"}}", "isDirect": false, "id": 2}, {"title": "捕鱼积分大派送", "time": "2019-03-18起，长期有效", "banner": "promoIntro/011.jpg", "category": ["all", "normal", "allGame", "fish"], "link": "{\"name\":\"自助申领\",\"route\":{\"name\":\"PromoBetbonus\"}}", "isDirect": false, "id": 3}, {"title": "千倍百倍，锦上添花！", "time": "2019年03月14日至2019年12月01日(00:00:00-23:45:00)", "banner": "promoIntro/013_n8z27F9.jpg", "category": ["all", "limit", "allGame", "egame"], "link": "{\"name\":\"自助申领\",\"link\":{\"name\":\"PromoTimes\"}}", "isDirect": false, "id": 4}, {"title": "棋牌众乐金——鸿运天天有，彩金送不停！", "time": "2019-03-04至2019-11-01", "banner": "promoIntro/010.jpg", "category": ["all", "limit", "allGame", "qipai"], "link": "{\"name\":\"自助申领\",\"route\":{\"name\":\"PromoHappy\"}}", "isDirect": false, "id": 5}, {"title": "推荐新会员，礼金大派送！", "time": "长期有效", "banner": "promoIntro/003.jpg", "category": ["all", "normal"], "link": "{\"name\":\"自助申领\",\"route\":{\"name\":\"PromoRecommend\"}}", "isDirect": false, "id": 6}, {"title": "沾喜气，抢红包！", "time": "2018-12-03起，不定期开启", "banner": "promoIntro/002.jpg", "category": ["all", "normal"], "link": null, "isDirect": false, "id": 7}, {"title": "棋牌救援金——牌沙见金，棋开得胜！", "time": "2018-08-01起，长期有效", "banner": "promoIntro/008.jpg", "category": ["all", "normal", "allGame"], "link": "{\"name\":\"自助申领\",\"route\":{\"name\":\"PromoBenefits\"}}", "isDirect": false, "id": 8}, {"title": "棋牌奖励金-牌除烦恼，棋乐无穷！", "time": "长期有效", "banner": "promoIntro/009.jpg", "category": ["all", "normal", "allGame", "qipai"], "link": "{\"name\":\"自助申领\",\"route\":{\"name\":\"PromoBonus\"}}", "isDirect": false, "id": 9}, {"title": "腾博会星级VIP，尊享7大特权！", "time": "自2018-05-01起，长期有效", "banner": "promoIntro/016.jpg", "category": ["all", "normal"], "link": null, "isDirect": false, "id": 10}, {"title": "VIP月度救援金，金额无上限！", "time": "2018-05-01起，长期有效", "banner": "promoIntro/012.jpg", "category": ["all", "normal", "allGame", "egame", "live", "tiyu", "fish"], "link": "{\"name\":\"自助申领\",\"route\":{\"name\":\"PromoMonthly\"}}", "isDirect": false, "id": 11}, {"title": "笔笔存送爽翻天 - 壕情狂欢，优惠不断！", "time": "长期有效", "banner": "promoIntro/017.jpg", "category": ["all", "deposit", "normal", "allGame", "egame"], "link": "{name:\"我要存款\",link:{name:\"Deposit\"}}", "isDirect": false, "id": 12}, {"title": "幸运注单自助领  笔笔投注是机会！", "time": "2018-12-03 12:00:00 至 2019-02-01 23:59:59", "banner": "promoIntro/018.jpg", "category": ["all", "limit", "allGame", "egame", "qipai"], "link": "{\"name\":\"自助申领\",\"route\":{\"name\":\"PromoLuckyOrder\"}}", "isDirect": false, "id": 13}, {"title": "周勤礼金周周送，最高可达8888元！", "time": "长期有效", "banner": "promoIntro/015.jpg", "category": ["all", "normal", "allGame", "egame", "live", "tiyu", "fish", "qipai"], "link": null, "isDirect": false, "id": 14}, {"title": "信息认证红利", "time": "长期有效", "banner": "promoIntro/014.jpg", "category": ["all", "deposit", "normal"], "link": "{\"name\":\"自助申领\",\"route\":{\"name\":\"PromoAuthentification\"}}", "isDirect": false, "id": 15}, {"title": "未博先赢， 100%首存红利！", "time": "2019-10-24起，长期有效", "banner": "promoIntro/first-deposit-new.jpg", "category": ["all", "deposit", "normal"], "link": null, "isDirect": false, "id": 16}, {"title": "天天洗码无上限！超高返水1.7%", "time": "长期有效", "banner": "promoIntro/021.jpg", "category": ["all", "normal", "allGame", "egame", "live", "tiyu", "fish", "qipai"], "link": "{\"name\":\"自助申领\",\"route\":{\"name\":\"PromoBetbonus\"}}", "isDirect": false, "id": 17}, {"title": "老虎机电游积分大派送", "time": "长期有效", "banner": "promoIntro/020.jpg", "category": ["all", "normal", "allGame", "egame"], "link": "{\"name\":\"自助申领\",\"route\":{\"name\":\"PromoBetbonus\"}}", "isDirect": false, "id": 18}, {"title": "复活礼金不封顶，腾博助您一臂之力", "time": "长期有效", "banner": "promoIntro/022.jpg", "category": ["all", "normal", "allGame", "egame", "live", "tiyu", "fish"], "link": null, "isDirect": false, "id": 19}, {"title": "周年礼金", "time": "长期有效", "banner": "promoIntro/007.jpg", "category": ["all", "normal"], "link": null, "isDirect": false, "id": 20}, {"title": "晋级礼金", "time": "长期有效", "banner": "promoIntro/005.jpg", "category": ["all", "normal", "allGame", "egame", "live", "tiyu", "fish", "qipai"], "link": null, "isDirect": false, "id": 21}, {"title": "周周红利 最高8888", "time": "长期有效", "banner": "promoIntro/006.jpg", "category": ["all", "normal", "allGame", "egame", "live", "tiyu", "fish", "qipai"], "link": null, "isDirect": false, "id": 22}, {"title": "绿色通道入款赠送1%", "time": "长期有效", "banner": "promoIntro/004.jpg", "category": ["all", "deposit", "normal"], "link": "{\"name\":\"立即存款\",\"route\":{\"name\":\"Deposit\"}}", "isDirect": false, "id": 23}, {"title": "免费旋转天天有 腾博电游嗨翻天！", "time": "长期有效", "banner": "", "category": ["all"], "link": "/freerotate?RemotePage=true", "isDirect": true, "id": 24}]