{"bigWin": {"2019": ["{\"id\": 120, \"updated\": \"2019-10-14 06:09:27\", \"created\": \"2019-10-14 06:09:27\", \"gameName\": \"印加帝国\", \"gameID\": \"aztec\", \"platform\": 26, \"awardTime\": \"2019-08-09\", \"isH5\": false, \"isXiqi\": false, \"name\": \"\"}", "{\"id\": 111, \"updated\": \"2019-10-14 06:09:27\", \"created\": \"2019-10-14 06:09:27\", \"gameName\": \"球球大作战\", \"gameID\": \"5122\", \"platform\": 9, \"awardTime\": \"2019-08-03\", \"isH5\": false, \"isXiqi\": false, \"name\": \"\"}", "{\"id\": 98, \"updated\": \"2019-10-14 06:09:27\", \"created\": \"2019-10-14 06:09:27\", \"gameName\": \"三倍猴子\", \"gameID\": \"trpmnk\", \"platform\": 35, \"awardTime\": \"2019-07-29\", \"isH5\": false, \"isXiqi\": false, \"name\": \"\"}", "{\"id\": 99, \"updated\": \"2019-10-14 06:09:27\", \"created\": \"2019-10-14 06:09:27\", \"gameName\": \"三倍猴子\", \"gameID\": \"trpmnk\", \"platform\": 35, \"awardTime\": \"2019-07-29\", \"isH5\": false, \"isXiqi\": false, \"name\": \"\"}", "{\"id\": 100, \"updated\": \"2019-10-14 06:09:27\", \"created\": \"2019-10-14 06:09:27\", \"gameName\": \"三倍猴子\", \"gameID\": \"trpmnk\", \"platform\": 35, \"awardTime\": \"2019-07-29\", \"isH5\": false, \"isXiqi\": false, \"name\": \"\"}", "{\"id\": 91, \"updated\": \"2019-10-14 06:09:27\", \"created\": \"2019-10-14 06:09:27\", \"gameName\": \"福寿齐天\", \"gameID\": \"sw_fsqt\", \"platform\": 22, \"awardTime\": \"2019-07-12\", \"isH5\": false, \"isXiqi\": false, \"name\": \"\"}", "{\"id\": 89, \"updated\": \"2019-10-14 06:09:27\", \"created\": \"2019-10-14 06:09:27\", \"gameName\": \"冰雪女王\", \"gameID\": \"115\", \"platform\": 30, \"awardTime\": \"2019-07-11\", \"isH5\": false, \"isXiqi\": false, \"name\": \"\"}", "{\"id\": 90, \"updated\": \"2019-10-14 06:09:27\", \"created\": \"2019-10-14 06:09:27\", \"gameName\": \"冰雪女王\", \"gameID\": \"115\", \"platform\": 30, \"awardTime\": \"2019-07-11\", \"isH5\": false, \"isXiqi\": false, \"name\": \"\"}", "{\"id\": 13, \"updated\": \"2019-10-14 06:09:27\", \"created\": \"2019-10-14 06:09:27\", \"gameName\": \"印加帝国\", \"gameID\": \"aztec\", \"platform\": 35, \"awardTime\": \"2019-06-26\", \"isH5\": false, \"isXiqi\": false, \"name\": \"\"}", "{\"id\": 15, \"updated\": \"2019-10-14 06:09:27\", \"created\": \"2019-10-14 06:09:27\", \"gameName\": \"三倍猴子\", \"gameID\": \"trpmnk\", \"platform\": 35, \"awardTime\": \"2019-06-18\", \"isH5\": false, \"isXiqi\": false, \"name\": \"\"}", "{\"id\": 38, \"updated\": \"2019-10-14 06:09:27\", \"created\": \"2019-10-14 06:09:27\", \"gameName\": \"三倍猴子\", \"gameID\": \"trpmnk\", \"platform\": 35, \"awardTime\": \"2019-05-18\", \"isH5\": false, \"isXiqi\": false, \"name\": \"\"}", "{\"id\": 34, \"updated\": \"2019-10-14 06:09:27\", \"created\": \"2019-10-14 06:09:27\", \"gameName\": \"印加大奖\", \"gameID\": \"aztec\", \"platform\": 35, \"awardTime\": \"2019-04-05\", \"isH5\": false, \"isXiqi\": false, \"name\": \"\"}", "{\"id\": 36, \"updated\": \"2019-10-14 06:09:27\", \"created\": \"2019-10-14 06:09:27\", \"gameName\": \"招财进宝\", \"gameID\": \"zcjb\", \"platform\": 35, \"awardTime\": \"2019-04-05\", \"isH5\": false, \"isXiqi\": false, \"name\": \"\"}", "{\"id\": 30, \"updated\": \"2019-10-14 06:09:27\", \"created\": \"2019-10-14 06:09:27\", \"gameName\": \"印加大奖\", \"gameID\": \"aztec\", \"platform\": 35, \"awardTime\": \"2019-03-18\", \"isH5\": false, \"isXiqi\": false, \"name\": \"\"}", "{\"id\": 27, \"updated\": \"2019-10-14 06:09:27\", \"created\": \"2019-10-14 06:09:27\", \"gameName\": \"印加大奖\", \"gameID\": \"aztec\", \"platform\": 35, \"awardTime\": \"2019-03-17\", \"isH5\": false, \"isXiqi\": false, \"name\": \"\"}", "{\"id\": 18, \"updated\": \"2019-10-14 06:09:27\", \"created\": \"2019-10-14 06:09:27\", \"gameName\": \"六福兽\", \"gameID\": \"kfp\", \"platform\": 35, \"awardTime\": \"2019-03-06\", \"isH5\": false, \"isXiqi\": false, \"name\": \"\"}"], "2018": ["{\"id\": 40, \"updated\": \"2019-10-14 06:09:27\", \"created\": \"2019-10-14 06:09:27\", \"gameName\": \"印加大奖\", \"gameID\": \"aztec\", \"platform\": 35, \"awardTime\": \"2018-12-29\", \"isH5\": false, \"isXiqi\": false, \"name\": \"\"}", "{\"id\": 41, \"updated\": \"2019-10-14 06:09:27\", \"created\": \"2019-10-14 06:09:27\", \"gameName\": \"印加大奖\", \"gameID\": \"aztec\", \"platform\": 35, \"awardTime\": \"2018-10-24\", \"isH5\": false, \"isXiqi\": false, \"name\": \"\"}", "{\"id\": 42, \"updated\": \"2019-10-14 06:09:27\", \"created\": \"2019-10-14 06:09:27\", \"gameName\": \"翡翠公主\", \"gameID\": \"fcgz\", \"platform\": 35, \"awardTime\": \"2018-10-08\", \"isH5\": false, \"isXiqi\": false, \"name\": \"\"}", "{\"id\": 43, \"updated\": \"2019-10-14 06:09:27\", \"created\": \"2019-10-14 06:09:27\", \"gameName\": \"印加大奖\", \"gameID\": \"aztec\", \"platform\": 35, \"awardTime\": \"2018-09-28\", \"isH5\": false, \"isXiqi\": false, \"name\": \"\"}", "{\"id\": 44, \"updated\": \"2019-10-14 06:09:27\", \"created\": \"2019-10-14 06:09:27\", \"gameName\": \"湛蓝深海\", \"gameID\": \"bib\", \"platform\": 35, \"awardTime\": \"2018-09-14\", \"isH5\": false, \"isXiqi\": false, \"name\": \"\"}", "{\"id\": 45, \"updated\": \"2019-10-14 06:09:27\", \"created\": \"2019-10-14 06:09:27\", \"gameName\": \"印加大奖\", \"gameID\": \"aztec\", \"platform\": 35, \"awardTime\": \"2018-09-07\", \"isH5\": false, \"isXiqi\": false, \"name\": \"\"}", "{\"id\": 46, \"updated\": \"2019-10-14 06:09:27\", \"created\": \"2019-10-14 06:09:27\", \"gameName\": \"寻宝之旅\", \"gameID\": \"train\", \"platform\": 21, \"awardTime\": \"2018-08-17\", \"isH5\": true, \"isXiqi\": false, \"name\": \"\"}", "{\"id\": 47, \"updated\": \"2019-10-14 06:09:27\", \"created\": \"2019-10-14 06:09:27\", \"gameName\": \"三倍猴子\", \"gameID\": \"trpmnk\", \"platform\": 35, \"awardTime\": \"2018-08-01\", \"isH5\": false, \"isXiqi\": false, \"name\": \"\"}", "{\"id\": 23, \"updated\": \"2019-10-14 06:09:27\", \"created\": \"2019-10-14 06:09:27\", \"gameName\": \"印加大奖\", \"gameID\": \"aztec\", \"platform\": 35, \"awardTime\": \"2018-07-26\", \"isH5\": false, \"isXiqi\": false, \"name\": \"\"}", "{\"id\": 21, \"updated\": \"2019-10-14 06:09:27\", \"created\": \"2019-10-14 06:09:27\", \"gameName\": \"印加大奖\", \"gameID\": \"aztec\", \"platform\": 35, \"awardTime\": \"2018-06-12\", \"isH5\": false, \"isXiqi\": false, \"name\": \"\"}", "{\"id\": 20, \"updated\": \"2019-10-14 06:09:27\", \"created\": \"2019-10-14 06:09:27\", \"gameName\": \"印加大奖\", \"gameID\": \"aztec\", \"platform\": 35, \"awardTime\": \"2018-04-07\", \"isH5\": false, \"isXiqi\": false, \"name\": \"\"}", "{\"id\": 17, \"updated\": \"2019-10-14 06:09:27\", \"created\": \"2019-10-14 06:09:27\", \"gameName\": \"印加大奖\", \"gameID\": \"aztec\", \"platform\": 35, \"awardTime\": \"2018-04-06\", \"isH5\": false, \"isXiqi\": false, \"name\": \"\"}", "{\"id\": 14, \"updated\": \"2019-10-14 06:09:27\", \"created\": \"2019-10-14 06:09:27\", \"gameName\": \"水果财富\", \"gameID\": \"sw_sgcf\", \"platform\": 22, \"awardTime\": \"2018-03-17\", \"isH5\": false, \"isXiqi\": false, \"name\": \"\"}", "{\"id\": 10, \"updated\": \"2019-10-14 06:09:27\", \"created\": \"2019-10-14 06:09:27\", \"gameName\": \"印加大奖\", \"gameID\": \"aztec\", \"platform\": 35, \"awardTime\": \"2018-03-09\", \"isH5\": false, \"isXiqi\": false, \"name\": \"\"}", "{\"id\": 8, \"updated\": \"2019-10-14 06:09:27\", \"created\": \"2019-10-14 06:09:27\", \"gameName\": \"印加大奖\", \"gameID\": \"aztec\", \"platform\": 35, \"awardTime\": \"2018-01-16\", \"isH5\": false, \"isXiqi\": false, \"name\": \"\"}", "{\"id\": 7, \"updated\": \"2019-10-14 06:09:27\", \"created\": \"2019-10-14 06:09:27\", \"gameName\": \"诸神时代\", \"gameID\": \"aogs\", \"platform\": 35, \"awardTime\": \"2018-01-14\", \"isH5\": false, \"isXiqi\": false, \"name\": \"\"}"], "2017": ["{\"id\": 6, \"updated\": \"2019-10-14 06:09:27\", \"created\": \"2019-10-14 06:09:27\", \"gameName\": \"印加大奖\", \"gameID\": \"aztec\", \"platform\": 35, \"awardTime\": \"2017-11-11\", \"isH5\": false, \"isXiqi\": false, \"name\": \"\"}", "{\"id\": 9, \"updated\": \"2019-10-14 06:09:27\", \"created\": \"2019-10-14 06:09:27\", \"gameName\": \"印加帝国\", \"gameID\": \"aztec\", \"platform\": 35, \"awardTime\": \"2017-11-05\", \"isH5\": false, \"isXiqi\": false, \"name\": \"\"}", "{\"id\": 11, \"updated\": \"2019-10-14 06:09:27\", \"created\": \"2019-10-14 06:09:27\", \"gameName\": \"印加帝国\", \"gameID\": \"aztec\", \"platform\": 35, \"awardTime\": \"2017-09-23\", \"isH5\": false, \"isXiqi\": false, \"name\": \"\"}", "{\"id\": 16, \"updated\": \"2019-10-14 06:09:27\", \"created\": \"2019-10-14 06:09:27\", \"gameName\": \"印加帝国\", \"gameID\": \"aztec\", \"platform\": 35, \"awardTime\": \"2017-09-17\", \"isH5\": false, \"isXiqi\": false, \"name\": \"\"}", "{\"id\": 19, \"updated\": \"2019-10-14 06:09:27\", \"created\": \"2019-10-14 06:09:27\", \"gameName\": \"日日进财\", \"gameID\": \"ririjc\", \"platform\": 35, \"awardTime\": \"2017-08-10\", \"isH5\": false, \"isXiqi\": false, \"name\": \"\"}", "{\"id\": 22, \"updated\": \"2019-10-14 06:09:27\", \"created\": \"2019-10-14 06:09:27\", \"gameName\": \"日日进财\", \"gameID\": \"ririjc\", \"platform\": 35, \"awardTime\": \"2017-08-07\", \"isH5\": false, \"isXiqi\": false, \"name\": \"\"}", "{\"id\": 24, \"updated\": \"2019-10-14 06:09:27\", \"created\": \"2019-10-14 06:09:27\", \"gameName\": \"六福兽\", \"gameID\": \"kfp\", \"platform\": 35, \"awardTime\": \"2017-08-01\", \"isH5\": false, \"isXiqi\": false, \"name\": \"\"}", "{\"id\": 25, \"updated\": \"2019-10-14 06:09:27\", \"created\": \"2019-10-14 06:09:27\", \"gameName\": \"舞龙\", \"gameID\": \"dragondance\", \"platform\": 17, \"awardTime\": \"2017-07-30\", \"isH5\": false, \"isXiqi\": false, \"name\": \"\"}", "{\"id\": 26, \"updated\": \"2019-10-14 06:09:27\", \"created\": \"2019-10-14 06:09:27\", \"gameName\": \"宝石之轮\", \"gameID\": \"ReelGems\", \"platform\": 17, \"awardTime\": \"2017-07-28\", \"isH5\": false, \"isXiqi\": false, \"name\": \"\"}", "{\"id\": 28, \"updated\": \"2019-10-14 06:09:27\", \"created\": \"2019-10-14 06:09:27\", \"gameName\": \"宝石之轮\", \"gameID\": \"ReelGems\", \"platform\": 17, \"awardTime\": \"2017-07-17\", \"isH5\": false, \"isXiqi\": false, \"name\": \"\"}", "{\"id\": 29, \"updated\": \"2019-10-14 06:09:27\", \"created\": \"2019-10-14 06:09:27\", \"gameName\": \"金钱蛙\", \"gameID\": \"jqw\", \"platform\": 35, \"awardTime\": \"2017-07-17\", \"isH5\": false, \"isXiqi\": false, \"name\": \"\"}", "{\"id\": 31, \"updated\": \"2019-10-14 06:09:27\", \"created\": \"2019-10-14 06:09:27\", \"gameName\": \"金钱蛙\", \"gameID\": \"jqw\", \"platform\": 35, \"awardTime\": \"2017-07-17\", \"isH5\": false, \"isXiqi\": false, \"name\": \"\"}", "{\"id\": 33, \"updated\": \"2019-10-14 06:09:27\", \"created\": \"2019-10-14 06:09:27\", \"gameName\": \"翡翠公主\", \"gameID\": \"fcgz\", \"platform\": 35, \"awardTime\": \"2017-04-21\", \"isH5\": false, \"isXiqi\": false, \"name\": \"\"}", "{\"id\": 35, \"updated\": \"2019-10-14 06:09:27\", \"created\": \"2019-10-14 06:09:27\", \"gameName\": \"印加大奖\", \"gameID\": \"aztec\", \"platform\": 35, \"awardTime\": \"2017-04-05\", \"isH5\": false, \"isXiqi\": false, \"name\": \"\"}", "{\"id\": 37, \"updated\": \"2019-10-14 06:09:27\", \"created\": \"2019-10-14 06:09:27\", \"gameName\": \"年年有余\", \"gameID\": \"nian\", \"platform\": 35, \"awardTime\": \"2017-04-04\", \"isH5\": false, \"isXiqi\": false, \"name\": \"\"}", "{\"id\": 39, \"updated\": \"2019-10-14 06:09:27\", \"created\": \"2019-10-14 06:09:27\", \"gameName\": \"全民大奖\", \"gameID\": \"evj\", \"platform\": 35, \"awardTime\": \"2017-02-28\", \"isH5\": false, \"isXiqi\": false, \"name\": \"\"}"], "2016": ["{\"id\": 5, \"updated\": \"2019-10-14 06:09:27\", \"created\": \"2019-10-14 06:09:27\", \"gameName\": \"甜蜜派对\", \"gameID\": \"cnpr\", \"platform\": 35, \"awardTime\": \"2016-12-11\", \"isH5\": false, \"isXiqi\": false, \"name\": \"\"}", "{\"id\": 12, \"updated\": \"2019-10-14 06:09:27\", \"created\": \"2019-10-14 06:09:27\", \"gameName\": \"印加大奖\", \"gameID\": \"aztec\", \"platform\": 35, \"awardTime\": \"2016-11-23\", \"isH5\": false, \"isXiqi\": false, \"name\": \"\"}"]}, "xiqi": {"2019": ["{\"id\": 128, \"updated\": \"2019-10-14 06:09:27\", \"created\": \"2019-10-14 06:09:27\", \"gameName\": \"三倍猴子\", \"gameID\": \"trpmnk\", \"platform\": 35, \"awardTime\": \"2019-09-18\", \"isH5\": false, \"isXiqi\": true, \"name\": \"\"}", "{\"id\": 127, \"updated\": \"2019-10-14 06:09:27\", \"created\": \"2019-10-14 06:09:27\", \"gameName\": \"金钱蛙\", \"gameID\": \"jqw\", \"platform\": 35, \"awardTime\": \"2019-09-16\", \"isH5\": false, \"isXiqi\": true, \"name\": \"\"}", "{\"id\": 126, \"updated\": \"2019-10-14 06:09:27\", \"created\": \"2019-10-14 06:09:27\", \"gameName\": \"跳过来\", \"gameID\": \"138\", \"platform\": 30, \"awardTime\": \"2019-09-11\", \"isH5\": false, \"isXiqi\": true, \"name\": \"\"}", "{\"id\": 125, \"updated\": \"2019-10-14 06:09:27\", \"created\": \"2019-10-14 06:09:27\", \"gameName\": \"吉祥如意\", \"gameID\": \"32\", \"platform\": 27, \"awardTime\": \"2019-09-09\", \"isH5\": false, \"isXiqi\": true, \"name\": \"\"}", "{\"id\": 124, \"updated\": \"2019-10-14 06:09:27\", \"created\": \"2019-10-14 06:09:27\", \"gameName\": \"湛蓝深海奖池版\", \"gameID\": \"grbjp\", \"platform\": 26, \"awardTime\": \"2019-09-02\", \"isH5\": false, \"isXiqi\": true, \"name\": \"\"}", "{\"id\": 122, \"updated\": \"2019-10-14 06:09:27\", \"created\": \"2019-10-14 06:09:27\", \"gameName\": \"三倍猴子\", \"gameID\": \"aztec\", \"platform\": 35, \"awardTime\": \"2019-08-15\", \"isH5\": false, \"isXiqi\": true, \"name\": \"\"}", "{\"id\": 121, \"updated\": \"2019-10-14 06:09:27\", \"created\": \"2019-10-14 06:09:27\", \"gameName\": \"凯洛琳夫人\", \"gameID\": \"PSS-ON-00009\", \"platform\": 24, \"awardTime\": \"2019-08-13\", \"isH5\": false, \"isXiqi\": true, \"name\": \"\"}", "{\"id\": 123, \"updated\": \"2019-10-14 06:09:27\", \"created\": \"2019-10-14 06:09:27\", \"gameName\": \"犎牛闪电突击\", \"gameID\": \"bfb\", \"platform\": 35, \"awardTime\": \"2019-08-10\", \"isH5\": false, \"isXiqi\": true, \"name\": \"\"}", "{\"id\": 113, \"updated\": \"2019-10-14 06:09:27\", \"created\": \"2019-10-14 06:09:27\", \"gameName\": \"花好月圆(彩金)\", \"gameID\": \"PSS-ON-00073\", \"platform\": 24, \"awardTime\": \"2019-08-05\", \"isH5\": false, \"isXiqi\": true, \"name\": \"\"}", "{\"id\": 112, \"updated\": \"2019-10-14 06:09:27\", \"created\": \"2019-10-14 06:09:27\", \"gameName\": \"天子\", \"gameID\": \"PSS-ON-00019\", \"platform\": 24, \"awardTime\": \"2019-08-04\", \"isH5\": false, \"isXiqi\": true, \"name\": \"\"}", "{\"id\": 109, \"updated\": \"2019-10-14 06:09:27\", \"created\": \"2019-10-14 06:09:27\", \"gameName\": \"大熊猫\", \"gameID\": \"14\", \"platform\": 27, \"awardTime\": \"2019-08-02\", \"isH5\": false, \"isXiqi\": true, \"name\": \"\"}", "{\"id\": 115, \"updated\": \"2019-10-14 06:09:27\", \"created\": \"2019-10-14 06:09:27\", \"gameName\": \"海滨消消乐\", \"gameID\": \"104\", \"platform\": 30, \"awardTime\": \"2019-08-02\", \"isH5\": false, \"isXiqi\": true, \"name\": \"\"}", "{\"id\": 101, \"updated\": \"2019-10-14 06:09:27\", \"created\": \"2019-10-14 06:09:27\", \"gameName\": \"三倍猴子\", \"gameID\": \"trpmnk\", \"platform\": 35, \"awardTime\": \"2019-07-29\", \"isH5\": false, \"isXiqi\": true, \"name\": \"\"}", "{\"id\": 102, \"updated\": \"2019-10-14 06:09:27\", \"created\": \"2019-10-14 06:09:27\", \"gameName\": \"三倍猴子\", \"gameID\": \"trpmnk\", \"platform\": 35, \"awardTime\": \"2019-07-29\", \"isH5\": false, \"isXiqi\": true, \"name\": \"\"}", "{\"id\": 103, \"updated\": \"2019-10-14 06:09:27\", \"created\": \"2019-10-14 06:09:27\", \"gameName\": \"三倍猴子\", \"gameID\": \"trpmnk\", \"platform\": 35, \"awardTime\": \"2019-07-29\", \"isH5\": false, \"isXiqi\": true, \"name\": \"\"}", "{\"id\": 114, \"updated\": \"2019-10-14 06:09:27\", \"created\": \"2019-10-14 06:09:27\", \"gameName\": \"三倍猴子\", \"gameID\": \"trpmnk\", \"platform\": 35, \"awardTime\": \"2019-07-29\", \"isH5\": false, \"isXiqi\": true, \"name\": \"\"}", "{\"id\": 108, \"updated\": \"2019-10-14 06:09:27\", \"created\": \"2019-10-14 06:09:27\", \"gameName\": \"犎牛闪电突击\", \"gameID\": \"bfb\", \"platform\": 35, \"awardTime\": \"2019-07-28\", \"isH5\": false, \"isXiqi\": true, \"name\": \"\"}", "{\"id\": 106, \"updated\": \"2019-10-14 06:09:27\", \"created\": \"2019-10-14 06:09:27\", \"gameName\": \"犎牛闪电突击\", \"gameID\": \"bfb\", \"platform\": 35, \"awardTime\": \"2019-07-24\", \"isH5\": false, \"isXiqi\": true, \"name\": \"\"}", "{\"id\": 107, \"updated\": \"2019-10-14 06:09:27\", \"created\": \"2019-10-14 06:09:27\", \"gameName\": \"金钱蛙\", \"gameID\": \"jqw\", \"platform\": 26, \"awardTime\": \"2019-07-24\", \"isH5\": false, \"isXiqi\": true, \"name\": \"\"}", "{\"id\": 105, \"updated\": \"2019-10-14 06:09:27\", \"created\": \"2019-10-14 06:09:27\", \"gameName\": \"凯洛琳夫人\", \"gameID\": \"PSS-ON-00009\", \"platform\": 24, \"awardTime\": \"2019-07-22\", \"isH5\": false, \"isXiqi\": true, \"name\": \"\"}", "{\"id\": 104, \"updated\": \"2019-10-14 06:09:27\", \"created\": \"2019-10-14 06:09:27\", \"gameName\": \"跳高高\", \"gameID\": \"52\", \"platform\": 30, \"awardTime\": \"2019-07-20\", \"isH5\": false, \"isXiqi\": true, \"name\": \"\"}", "{\"id\": 95, \"updated\": \"2019-10-14 06:09:27\", \"created\": \"2019-10-14 06:09:27\", \"gameName\": \"犎牛闪电突击\", \"gameID\": \"bfb\", \"platform\": 35, \"awardTime\": \"2019-07-15\", \"isH5\": false, \"isXiqi\": true, \"name\": \"\"}", "{\"id\": 92, \"updated\": \"2019-10-14 06:09:27\", \"created\": \"2019-10-14 06:09:27\", \"gameName\": \"跳更高\", \"gameID\": \"99\", \"platform\": 30, \"awardTime\": \"2019-07-11\", \"isH5\": false, \"isXiqi\": true, \"name\": \"\"}", "{\"id\": 93, \"updated\": \"2019-10-14 06:09:27\", \"created\": \"2019-10-14 06:09:27\", \"gameName\": \"跳更高\", \"gameID\": \"99\", \"platform\": 30, \"awardTime\": \"2019-07-11\", \"isH5\": false, \"isXiqi\": true, \"name\": \"\"}", "{\"id\": 94, \"updated\": \"2019-10-14 06:09:27\", \"created\": \"2019-10-14 06:09:27\", \"gameName\": \"跳更高\", \"gameID\": \"99\", \"platform\": 30, \"awardTime\": \"2019-07-11\", \"isH5\": false, \"isXiqi\": true, \"name\": \"\"}", "{\"id\": 96, \"updated\": \"2019-10-14 06:09:27\", \"created\": \"2019-10-14 06:09:27\", \"gameName\": \"跳更高\", \"gameID\": \"99\", \"platform\": 30, \"awardTime\": \"2019-07-11\", \"isH5\": false, \"isXiqi\": true, \"name\": \"\"}", "{\"id\": 97, \"updated\": \"2019-10-14 06:09:27\", \"created\": \"2019-10-14 06:09:27\", \"gameName\": \"冰雪女王\", \"gameID\": \"115\", \"platform\": 30, \"awardTime\": \"2019-07-11\", \"isH5\": false, \"isXiqi\": true, \"name\": \"\"}", "{\"id\": 87, \"updated\": \"2019-10-14 06:09:27\", \"created\": \"2019-10-14 06:09:27\", \"gameName\": \"跳高高\", \"gameID\": \"52\", \"platform\": 30, \"awardTime\": \"2019-07-07\", \"isH5\": false, \"isXiqi\": true, \"name\": \"\"}", "{\"id\": 88, \"updated\": \"2019-10-14 06:09:27\", \"created\": \"2019-10-14 06:09:27\", \"gameName\": \"一本万利\", \"gameID\": \"25\", \"platform\": 27, \"awardTime\": \"2019-07-04\", \"isH5\": false, \"isXiqi\": true, \"name\": \"\"}", "{\"id\": 86, \"updated\": \"2019-10-14 06:09:27\", \"created\": \"2019-10-14 06:09:27\", \"gameName\": \"金钱蛙\", \"gameID\": \"jqw\", \"platform\": 26, \"awardTime\": \"2019-07-03\", \"isH5\": false, \"isXiqi\": true, \"name\": \"\"}", "{\"id\": 85, \"updated\": \"2019-10-14 06:09:27\", \"created\": \"2019-10-14 06:09:27\", \"gameName\": \"五虎将\", \"gameID\": \"ftg\", \"platform\": 35, \"awardTime\": \"2019-07-01\", \"isH5\": false, \"isXiqi\": true, \"name\": \"\"}", "{\"id\": 84, \"updated\": \"2019-10-14 06:09:27\", \"created\": \"2019-10-14 06:09:27\", \"gameName\": \"亡命对决2\", \"gameID\": \"deadoralive2_mobile_html_sw\", \"platform\": 34, \"awardTime\": \"2019-06-05\", \"isH5\": false, \"isXiqi\": true, \"name\": \"\"}", "{\"id\": 83, \"updated\": \"2019-10-14 06:09:27\", \"created\": \"2019-10-14 06:09:27\", \"gameName\": \"猛龙传奇\", \"gameID\": \"156\", \"platform\": 12, \"awardTime\": \"2019-06-04\", \"isH5\": false, \"isXiqi\": true, \"name\": \"\"}", "{\"id\": 82, \"updated\": \"2019-10-14 06:09:27\", \"created\": \"2019-10-14 06:09:27\", \"gameName\": \"印加帝国\", \"gameID\": \"aztec\", \"platform\": 35, \"awardTime\": \"2019-06-03\", \"isH5\": false, \"isXiqi\": true, \"name\": \"\"}", "{\"id\": 81, \"updated\": \"2019-10-14 06:09:27\", \"created\": \"2019-10-14 06:09:27\", \"gameName\": \"跳高高\", \"gameID\": \"52\", \"platform\": 30, \"awardTime\": \"2019-06-01\", \"isH5\": false, \"isXiqi\": true, \"name\": \"\"}", "{\"id\": 80, \"updated\": \"2019-10-14 06:09:27\", \"created\": \"2019-10-14 06:09:27\", \"gameName\": \"飞龙在天\", \"gameID\": \"gtsflzt\", \"platform\": 35, \"awardTime\": \"2019-05-31\", \"isH5\": false, \"isXiqi\": true, \"name\": \"\"}", "{\"id\": 79, \"updated\": \"2019-10-14 06:09:27\", \"created\": \"2019-10-14 06:09:27\", \"gameName\": \"飞龙在天\", \"gameID\": \"gtsflzt\", \"platform\": 35, \"awardTime\": \"2019-05-30\", \"isH5\": false, \"isXiqi\": true, \"name\": \"\"}", "{\"id\": 77, \"updated\": \"2019-10-14 06:09:27\", \"created\": \"2019-10-14 06:09:27\", \"gameName\": \"跳更高\", \"gameID\": \"99\", \"platform\": 30, \"awardTime\": \"2019-05-26\", \"isH5\": false, \"isXiqi\": true, \"name\": \"\"}", "{\"id\": 78, \"updated\": \"2019-10-14 06:09:27\", \"created\": \"2019-10-14 06:09:27\", \"gameName\": \"跳起来\", \"gameID\": \"7\", \"platform\": 30, \"awardTime\": \"2019-05-26\", \"isH5\": false, \"isXiqi\": true, \"name\": \"\"}", "{\"id\": 75, \"updated\": \"2019-10-14 06:09:27\", \"created\": \"2019-10-14 06:09:27\", \"gameName\": \"印加帝国\", \"gameID\": \"aztec\", \"platform\": 35, \"awardTime\": \"2019-05-10\", \"isH5\": false, \"isXiqi\": true, \"name\": \"\"}", "{\"id\": 76, \"updated\": \"2019-10-14 06:09:27\", \"created\": \"2019-10-14 06:09:27\", \"gameName\": \"爆炸糖2\", \"gameID\": \"8\", \"platform\": 27, \"awardTime\": \"2019-05-10\", \"isH5\": false, \"isXiqi\": true, \"name\": \"\"}", "{\"id\": 74, \"updated\": \"2019-10-14 06:09:27\", \"created\": \"2019-10-14 06:09:27\", \"gameName\": \"三倍猴子\", \"gameID\": \"trpmnk\", \"platform\": 35, \"awardTime\": \"2019-05-08\", \"isH5\": false, \"isXiqi\": true, \"name\": \"\"}", "{\"id\": 73, \"updated\": \"2019-10-14 06:09:27\", \"created\": \"2019-10-14 06:09:27\", \"gameName\": \"不朽的浪漫\", \"gameID\": \"immortalRomance\", \"platform\": 17, \"awardTime\": \"2019-05-03\", \"isH5\": false, \"isXiqi\": true, \"name\": \"\"}", "{\"id\": 72, \"updated\": \"2019-10-14 06:09:27\", \"created\": \"2019-10-14 06:09:27\", \"gameName\": \"武圣\", \"gameID\": \"27\", \"platform\": 30, \"awardTime\": \"2019-04-14\", \"isH5\": false, \"isXiqi\": true, \"name\": \"\"}", "{\"id\": 71, \"updated\": \"2019-10-14 06:09:27\", \"created\": \"2019-10-14 06:09:27\", \"gameName\": \"印加帝国\", \"gameID\": \"aztec\", \"platform\": 35, \"awardTime\": \"2019-04-10\", \"isH5\": false, \"isXiqi\": true, \"name\": \"\"}", "{\"id\": 70, \"updated\": \"2019-10-14 06:09:27\", \"created\": \"2019-10-14 06:09:27\", \"gameName\": \"猛龙传奇\", \"gameID\": \"156\", \"platform\": 12, \"awardTime\": \"2019-03-30\", \"isH5\": false, \"isXiqi\": true, \"name\": \"\"}", "{\"id\": 69, \"updated\": \"2019-10-14 06:09:27\", \"created\": \"2019-10-14 06:09:27\", \"gameName\": \"翻倍财神\", \"gameID\": \"sw_fbcs\", \"platform\": 22, \"awardTime\": \"2019-03-26\", \"isH5\": false, \"isXiqi\": true, \"name\": \"\"}", "{\"id\": 68, \"updated\": \"2019-10-14 06:09:27\", \"created\": \"2019-10-14 06:09:27\", \"gameName\": \"爆爆果\", \"gameID\": \"berryburst_mobile_html_sw\", \"platform\": 34, \"awardTime\": \"2019-03-22\", \"isH5\": false, \"isXiqi\": true, \"name\": \"\"}", "{\"id\": 67, \"updated\": \"2019-10-14 06:09:27\", \"created\": \"2019-10-14 06:09:27\", \"gameName\": \"紫热\", \"gameID\": \"phot\", \"platform\": 35, \"awardTime\": \"2019-03-20\", \"isH5\": false, \"isXiqi\": true, \"name\": \"\"}", "{\"id\": 66, \"updated\": \"2019-10-14 06:09:27\", \"created\": \"2019-10-14 06:09:27\", \"gameName\": \"海滨消消乐\", \"gameID\": \"104\", \"platform\": 30, \"awardTime\": \"2019-03-19\", \"isH5\": false, \"isXiqi\": true, \"name\": \"\"}", "{\"id\": 65, \"updated\": \"2019-10-14 06:09:27\", \"created\": \"2019-10-14 06:09:27\", \"gameName\": \"超级赢\", \"gameID\": \"PSS-ON-00112\", \"platform\": 24, \"awardTime\": \"2019-03-18\", \"isH5\": false, \"isXiqi\": true, \"name\": \"\"}", "{\"id\": 64, \"updated\": \"2019-10-14 06:09:27\", \"created\": \"2019-10-14 06:09:27\", \"gameName\": \"八宝一后\", \"gameID\": \"treasq\", \"platform\": 35, \"awardTime\": \"2019-03-13\", \"isH5\": false, \"isXiqi\": true, \"name\": \"\"}", "{\"id\": 63, \"updated\": \"2019-10-14 06:09:27\", \"created\": \"2019-10-14 06:09:27\", \"gameName\": \"八宝一后\", \"gameID\": \"treasq\", \"platform\": 35, \"awardTime\": \"2019-03-02\", \"isH5\": false, \"isXiqi\": true, \"name\": \"\"}", "{\"id\": 62, \"updated\": \"2019-10-14 06:09:27\", \"created\": \"2019-10-14 06:09:27\", \"gameName\": \"法力无边\", \"gameID\": \"vs25wildspells\", \"platform\": 23, \"awardTime\": \"2019-03-01\", \"isH5\": false, \"isXiqi\": true, \"name\": \"\"}", "{\"id\": 61, \"updated\": \"2019-10-14 06:09:27\", \"created\": \"2019-10-14 06:09:27\", \"gameName\": \"冰上曲棍球\", \"gameID\": \"41\", \"platform\": 27, \"awardTime\": \"2019-02-28\", \"isH5\": false, \"isXiqi\": true, \"name\": \"\"}", "{\"id\": 60, \"updated\": \"2019-10-14 06:09:27\", \"created\": \"2019-10-14 06:09:27\", \"gameName\": \"印加帝国\", \"gameID\": \"aztec\", \"platform\": 35, \"awardTime\": \"2019-02-27\", \"isH5\": false, \"isXiqi\": true, \"name\": \"\"}", "{\"id\": 59, \"updated\": \"2019-10-14 06:09:27\", \"created\": \"2019-10-14 06:09:27\", \"gameName\": \"云从龙\", \"gameID\": \"yclong\", \"platform\": 35, \"awardTime\": \"2019-02-22\", \"isH5\": false, \"isXiqi\": true, \"name\": \"\"}", "{\"id\": 58, \"updated\": \"2019-10-14 06:09:27\", \"created\": \"2019-10-14 06:09:27\", \"gameName\": \"年年有余\", \"gameID\": \"nian\", \"platform\": 35, \"awardTime\": \"2019-02-17\", \"isH5\": false, \"isXiqi\": true, \"name\": \"\"}", "{\"id\": 57, \"updated\": \"2019-10-14 06:09:27\", \"created\": \"2019-10-14 06:09:27\", \"gameName\": \"紫热\", \"gameID\": \"phot\", \"platform\": 35, \"awardTime\": \"2019-02-13\", \"isH5\": false, \"isXiqi\": true, \"name\": \"\"}", "{\"id\": 56, \"updated\": \"2019-10-14 06:09:27\", \"created\": \"2019-10-14 06:09:27\", \"gameName\": \"云从龙\", \"gameID\": \"yclong\", \"platform\": 35, \"awardTime\": \"2019-02-12\", \"isH5\": false, \"isXiqi\": true, \"name\": \"\"}", "{\"id\": 55, \"updated\": \"2019-10-14 06:09:27\", \"created\": \"2019-10-14 06:09:27\", \"gameName\": \"冰上曲棍球\", \"gameID\": \"41\", \"platform\": 27, \"awardTime\": \"2019-02-09\", \"isH5\": false, \"isXiqi\": true, \"name\": \"\"}", "{\"id\": 54, \"updated\": \"2019-10-14 06:09:27\", \"created\": \"2019-10-14 06:09:27\", \"gameName\": \"直式火烧连环船\", \"gameID\": \"139\", \"platform\": 30, \"awardTime\": \"2019-01-21\", \"isH5\": false, \"isXiqi\": true, \"name\": \"\"}", "{\"id\": 53, \"updated\": \"2019-10-14 06:09:27\", \"created\": \"2019-10-14 06:09:27\", \"gameName\": \"八宝一后\", \"gameID\": \"treasq\", \"platform\": 35, \"awardTime\": \"2019-01-19\", \"isH5\": false, \"isXiqi\": true, \"name\": \"\"}", "{\"id\": 52, \"updated\": \"2019-10-14 06:09:27\", \"created\": \"2019-10-14 06:09:27\", \"gameName\": \"猛龙传奇\", \"gameID\": \"156\", \"platform\": 12, \"awardTime\": \"2019-01-13\", \"isH5\": false, \"isXiqi\": true, \"name\": \"\"}", "{\"id\": 50, \"updated\": \"2019-10-14 06:09:27\", \"created\": \"2019-10-14 06:09:27\", \"gameName\": \"印加帝国\", \"gameID\": \"aztec\", \"platform\": 35, \"awardTime\": \"2019-01-12\", \"isH5\": false, \"isXiqi\": true, \"name\": \"\"}", "{\"id\": 51, \"updated\": \"2019-10-14 06:09:27\", \"created\": \"2019-10-14 06:09:27\", \"gameName\": \"圣诞来啦\", \"gameID\": \"141\", \"platform\": 30, \"awardTime\": \"2019-01-12\", \"isH5\": false, \"isXiqi\": true, \"name\": \"\"}", "{\"id\": 49, \"updated\": \"2019-10-14 06:09:27\", \"created\": \"2019-10-14 06:09:27\", \"gameName\": \"三倍猴子\", \"gameID\": \"trpmnk\", \"platform\": 35, \"awardTime\": \"2019-01-08\", \"isH5\": false, \"isXiqi\": true, \"name\": \"\"}"], "2018": ["{\"id\": 48, \"updated\": \"2019-10-14 06:09:27\", \"created\": \"2019-10-14 06:09:27\", \"gameName\": \"三倍猴子\", \"gameID\": \"trpmnk\", \"platform\": 35, \"awardTime\": \"2018-12-23\", \"isH5\": false, \"isXiqi\": true, \"name\": \"\"}"]}, "total": 201219870.96}