{"bigWin": {"2019": [{"id": 120, "updated": "2019-10-14 06:09:27", "created": "2019-10-14 06:09:27", "gameName": "印加帝国", "gameID": "aztec", "platform": 26, "bet": 8.0, "awards": 1807071.46, "awardTime": "2019-08-09", "banner": "bigWinImgs/20190810.jpg", "isH5": false, "isXiqi": false, "name": ""}, {"id": 111, "updated": "2019-10-14 06:09:27", "created": "2019-10-14 06:09:27", "gameName": "球球大作战", "gameID": "5122", "platform": 9, "bet": 11000.0, "awards": 1104500.0, "awardTime": "2019-08-03", "banner": "bigWinImgs/20190803_pMZmlhF.jpg", "isH5": false, "isXiqi": false, "name": ""}, {"id": 98, "updated": "2019-10-14 06:09:27", "created": "2019-10-14 06:09:27", "gameName": "三倍猴子", "gameID": "trpmnk", "platform": 35, "bet": 1875.0, "awards": 1875000.0, "awardTime": "2019-07-29", "banner": "bigWinImgs/20190729_1.jpg", "isH5": false, "isXiqi": false, "name": ""}, {"id": 99, "updated": "2019-10-14 06:09:27", "created": "2019-10-14 06:09:27", "gameName": "三倍猴子", "gameID": "trpmnk", "platform": 35, "bet": 5000.0, "awards": 1200000.0, "awardTime": "2019-07-29", "banner": "bigWinImgs/20190729_2.jpg", "isH5": false, "isXiqi": false, "name": ""}, {"id": 100, "updated": "2019-10-14 06:09:27", "created": "2019-10-14 06:09:27", "gameName": "三倍猴子", "gameID": "trpmnk", "platform": 35, "bet": 10000.0, "awards": 1100000.0, "awardTime": "2019-07-29", "banner": "bigWinImgs/20190729_3.jpg", "isH5": false, "isXiqi": false, "name": ""}, {"id": 91, "updated": "2019-10-14 06:09:27", "created": "2019-10-14 06:09:27", "gameName": "福寿齐天", "gameID": "sw_fsqt", "platform": 22, "bet": 1500.0, "awards": 1500000.0, "awardTime": "2019-07-12", "banner": "bigWinImgs/20190713750_2.jpg", "isH5": false, "isXiqi": false, "name": ""}, {"id": 89, "updated": "2019-10-14 06:09:27", "created": "2019-10-14 06:09:27", "gameName": "冰雪女王", "gameID": "115", "platform": 30, "bet": 2000.0, "awards": 1330000.0, "awardTime": "2019-07-11", "banner": "bigWinImgs/20190711_97oytbk.jpg", "isH5": false, "isXiqi": false, "name": ""}, {"id": 90, "updated": "2019-10-14 06:09:27", "created": "2019-10-14 06:09:27", "gameName": "冰雪女王", "gameID": "115", "platform": 30, "bet": 2000.0, "awards": 1480000.0, "awardTime": "2019-07-11", "banner": "bigWinImgs/20190712_5u79VX0.jpg", "isH5": false, "isXiqi": false, "name": ""}, {"id": 13, "updated": "2019-10-14 06:09:27", "created": "2019-10-14 06:09:27", "gameName": "印加帝国", "gameID": "aztec", "platform": 35, "bet": 20.0, "awards": 5548114.78, "awardTime": "2019-06-26", "banner": "bigWinImgs/20190626.jpg", "isH5": false, "isXiqi": false, "name": ""}, {"id": 15, "updated": "2019-10-14 06:09:27", "created": "2019-10-14 06:09:27", "gameName": "三倍猴子", "gameID": "trpmnk", "platform": 35, "bet": 1875.0, "awards": 1875000.0, "awardTime": "2019-06-18", "banner": "bigWinImgs/20190618.jpg", "isH5": false, "isXiqi": false, "name": ""}, {"id": 38, "updated": "2019-10-14 06:09:27", "created": "2019-10-14 06:09:27", "gameName": "三倍猴子", "gameID": "trpmnk", "platform": 35, "bet": 1000.0, "awards": 1000000.0, "awardTime": "2019-05-18", "banner": "bigWinImgs/20190518.jpg", "isH5": false, "isXiqi": false, "name": ""}, {"id": 34, "updated": "2019-10-14 06:09:27", "created": "2019-10-14 06:09:27", "gameName": "印加大奖", "gameID": "aztec", "platform": 35, "bet": 20.0, "awards": 5315505.53, "awardTime": "2019-04-05", "banner": "bigWinImgs/20190405.jpg", "isH5": false, "isXiqi": false, "name": ""}, {"id": 36, "updated": "2019-10-14 06:09:27", "created": "2019-10-14 06:09:27", "gameName": "招财进宝", "gameID": "zcjb", "platform": 35, "bet": 40.0, "awards": 1098503.88, "awardTime": "2019-04-05", "banner": "bigWinImgs/201904052.jpg", "isH5": false, "isXiqi": false, "name": ""}, {"id": 30, "updated": "2019-10-14 06:09:27", "created": "2019-10-14 06:09:27", "gameName": "印加大奖", "gameID": "aztec", "platform": 35, "bet": 8.0, "awards": 5114918.48, "awardTime": "2019-03-18", "banner": "bigWinImgs/20190318.jpg", "isH5": false, "isXiqi": false, "name": ""}, {"id": 27, "updated": "2019-10-14 06:09:27", "created": "2019-10-14 06:09:27", "gameName": "印加大奖", "gameID": "aztec", "platform": 35, "bet": 80.0, "awards": 1058744.22, "awardTime": "2019-03-17", "banner": "bigWinImgs/20190317.jpg", "isH5": false, "isXiqi": false, "name": ""}, {"id": 18, "updated": "2019-10-14 06:09:27", "created": "2019-10-14 06:09:27", "gameName": "六福兽", "gameID": "kfp", "platform": 35, "bet": 40.0, "awards": 14588624.3, "awardTime": "2019-03-06", "banner": "bigWinImgs/20190306.jpg", "isH5": false, "isXiqi": false, "name": ""}], "2018": [{"id": 40, "updated": "2019-10-14 06:09:27", "created": "2019-10-14 06:09:27", "gameName": "印加大奖", "gameID": "aztec", "platform": 35, "bet": 4.0, "awards": 2285551.05, "awardTime": "2018-12-29", "banner": "bigWinImgs/20181229.jpg", "isH5": false, "isXiqi": false, "name": ""}, {"id": 41, "updated": "2019-10-14 06:09:27", "created": "2019-10-14 06:09:27", "gameName": "印加大奖", "gameID": "aztec", "platform": 35, "bet": 4.0, "awards": 1910000.0, "awardTime": "2018-10-24", "banner": "bigWinImgs/20181024.jpg", "isH5": false, "isXiqi": false, "name": ""}, {"id": 42, "updated": "2019-10-14 06:09:27", "created": "2019-10-14 06:09:27", "gameName": "翡翠公主", "gameID": "fcgz", "platform": 35, "bet": 100.0, "awards": 1600000.0, "awardTime": "2018-10-08", "banner": "bigWinImgs/20181008.jpg", "isH5": false, "isXiqi": false, "name": ""}, {"id": 43, "updated": "2019-10-14 06:09:27", "created": "2019-10-14 06:09:27", "gameName": "印加大奖", "gameID": "aztec", "platform": 35, "bet": 4.0, "awards": 10263030.0, "awardTime": "2018-09-28", "banner": "bigWinImgs/20180928.jpg", "isH5": false, "isXiqi": false, "name": ""}, {"id": 44, "updated": "2019-10-14 06:09:27", "created": "2019-10-14 06:09:27", "gameName": "湛蓝深海", "gameID": "bib", "platform": 35, "bet": 50.0, "awards": 2423202.03, "awardTime": "2018-09-14", "banner": "bigWinImgs/20180914.jpg", "isH5": false, "isXiqi": false, "name": ""}, {"id": 45, "updated": "2019-10-14 06:09:27", "created": "2019-10-14 06:09:27", "gameName": "印加大奖", "gameID": "aztec", "platform": 35, "bet": 4.0, "awards": 1616866.27, "awardTime": "2018-09-07", "banner": "bigWinImgs/20180907.jpg", "isH5": false, "isXiqi": false, "name": ""}, {"id": 46, "updated": "2019-10-14 06:09:27", "created": "2019-10-14 06:09:27", "gameName": "寻宝之旅", "gameID": "train", "platform": 21, "bet": 105.0, "awards": 1332054.8, "awardTime": "2018-08-17", "banner": "bigWinImgs/20180817.jpg", "isH5": true, "isXiqi": false, "name": ""}, {"id": 47, "updated": "2019-10-14 06:09:27", "created": "2019-10-14 06:09:27", "gameName": "三倍猴子", "gameID": "trpmnk", "platform": 35, "bet": 100.0, "awards": 1000000.0, "awardTime": "2018-08-01", "banner": "bigWinImgs/20180801.jpg", "isH5": false, "isXiqi": false, "name": ""}, {"id": 23, "updated": "2019-10-14 06:09:27", "created": "2019-10-14 06:09:27", "gameName": "印加大奖", "gameID": "aztec", "platform": 35, "bet": 8.0, "awards": 1740000.0, "awardTime": "2018-07-26", "banner": "bigWinImgs/20180726.jpg", "isH5": false, "isXiqi": false, "name": ""}, {"id": 21, "updated": "2019-10-14 06:09:27", "created": "2019-10-14 06:09:27", "gameName": "印加大奖", "gameID": "aztec", "platform": 35, "bet": 40.0, "awards": 25646698.39, "awardTime": "2018-06-12", "banner": "bigWinImgs/20180612.jpg", "isH5": false, "isXiqi": false, "name": ""}, {"id": 20, "updated": "2019-10-14 06:09:27", "created": "2019-10-14 06:09:27", "gameName": "印加大奖", "gameID": "aztec", "platform": 35, "bet": 4.0, "awards": 2118000.0, "awardTime": "2018-04-07", "banner": "bigWinImgs/20180407.jpg", "isH5": false, "isXiqi": false, "name": ""}, {"id": 17, "updated": "2019-10-14 06:09:27", "created": "2019-10-14 06:09:27", "gameName": "印加大奖", "gameID": "aztec", "platform": 35, "bet": 20.0, "awards": 10261940.12, "awardTime": "2018-04-06", "banner": "bigWinImgs/20180406.jpg", "isH5": false, "isXiqi": false, "name": ""}, {"id": 14, "updated": "2019-10-14 06:09:27", "created": "2019-10-14 06:09:27", "gameName": "水果财富", "gameID": "sw_sgcf", "platform": 22, "bet": 10.0, "awards": 1069000.0, "awardTime": "2018-03-17", "banner": "bigWinImgs/20180317.jpg", "isH5": false, "isXiqi": false, "name": ""}, {"id": 10, "updated": "2019-10-14 06:09:27", "created": "2019-10-14 06:09:27", "gameName": "印加大奖", "gameID": "aztec", "platform": 35, "bet": 8.0, "awards": 4666330.47, "awardTime": "2018-03-09", "banner": "bigWinImgs/20180309.jpg", "isH5": false, "isXiqi": false, "name": ""}, {"id": 8, "updated": "2019-10-14 06:09:27", "created": "2019-10-14 06:09:27", "gameName": "印加大奖", "gameID": "aztec", "platform": 35, "bet": 4.0, "awards": 2238304.41, "awardTime": "2018-01-16", "banner": "bigWinImgs/20180116.jpg", "isH5": false, "isXiqi": false, "name": ""}, {"id": 7, "updated": "2019-10-14 06:09:27", "created": "2019-10-14 06:09:27", "gameName": "诸神时代", "gameID": "aogs", "platform": 35, "bet": 12.5, "awards": 4990567.26, "awardTime": "2018-01-14", "banner": "bigWinImgs/20180114.jpg", "isH5": false, "isXiqi": false, "name": ""}], "2017": [{"id": 6, "updated": "2019-10-14 06:09:27", "created": "2019-10-14 06:09:27", "gameName": "印加大奖", "gameID": "aztec", "platform": 35, "bet": 4.0, "awards": 1929765.53, "awardTime": "2017-11-11", "banner": "bigWinImgs/20171111.jpg", "isH5": false, "isXiqi": false, "name": ""}, {"id": 9, "updated": "2019-10-14 06:09:27", "created": "2019-10-14 06:09:27", "gameName": "印加帝国", "gameID": "aztec", "platform": 35, "bet": 3.7, "awards": 1573260.65, "awardTime": "2017-11-05", "banner": "bigWinImgs/20171105.jpg", "isH5": false, "isXiqi": false, "name": ""}, {"id": 11, "updated": "2019-10-14 06:09:27", "created": "2019-10-14 06:09:27", "gameName": "印加帝国", "gameID": "aztec", "platform": 35, "bet": 37.5, "awards": 11090530.02, "awardTime": "2017-09-23", "banner": "bigWinImgs/20170923.jpg", "isH5": false, "isXiqi": false, "name": ""}, {"id": 16, "updated": "2019-10-14 06:09:27", "created": "2019-10-14 06:09:27", "gameName": "印加帝国", "gameID": "aztec", "platform": 35, "bet": 18.7, "awards": 6867471.19, "awardTime": "2017-09-17", "banner": "bigWinImgs/20170917.jpg", "isH5": false, "isXiqi": false, "name": ""}, {"id": 19, "updated": "2019-10-14 06:09:27", "created": "2019-10-14 06:09:27", "gameName": "日日进财", "gameID": "ririjc", "platform": 35, "bet": 2000.0, "awards": 1040000.0, "awardTime": "2017-08-10", "banner": "bigWinImgs/20170810.jpg", "isH5": false, "isXiqi": false, "name": ""}, {"id": 22, "updated": "2019-10-14 06:09:27", "created": "2019-10-14 06:09:27", "gameName": "日日进财", "gameID": "ririjc", "platform": 35, "bet": 10.0, "awards": 1380000.0, "awardTime": "2017-08-07", "banner": "bigWinImgs/20170807.jpg", "isH5": false, "isXiqi": false, "name": ""}, {"id": 24, "updated": "2019-10-14 06:09:27", "created": "2019-10-14 06:09:27", "gameName": "六福兽", "gameID": "kfp", "platform": 35, "bet": 18.7, "awards": 5722508.36, "awardTime": "2017-08-01", "banner": "bigWinImgs/20170801.jpg", "isH5": false, "isXiqi": false, "name": ""}, {"id": 25, "updated": "2019-10-14 06:09:27", "created": "2019-10-14 06:09:27", "gameName": "舞龙", "gameID": "dragondance", "platform": 17, "bet": 10.0, "awards": 1000000.0, "awardTime": "2017-07-30", "banner": "bigWinImgs/20170730.jpg", "isH5": false, "isXiqi": false, "name": ""}, {"id": 26, "updated": "2019-10-14 06:09:27", "created": "2019-10-14 06:09:27", "gameName": "宝石之轮", "gameID": "ReelGems", "platform": 17, "bet": 20.0, "awards": 1320000.0, "awardTime": "2017-07-28", "banner": "bigWinImgs/20170728.jpg", "isH5": false, "isXiqi": false, "name": ""}, {"id": 28, "updated": "2019-10-14 06:09:27", "created": "2019-10-14 06:09:27", "gameName": "宝石之轮", "gameID": "ReelGems", "platform": 17, "bet": 10.0, "awards": 1300000.0, "awardTime": "2017-07-17", "banner": "bigWinImgs/201707171.jpg", "isH5": false, "isXiqi": false, "name": ""}, {"id": 29, "updated": "2019-10-14 06:09:27", "created": "2019-10-14 06:09:27", "gameName": "金钱蛙", "gameID": "jqw", "platform": 35, "bet": 10.0, "awards": 1000000.0, "awardTime": "2017-07-17", "banner": "bigWinImgs/201707172.jpg", "isH5": false, "isXiqi": false, "name": ""}, {"id": 31, "updated": "2019-10-14 06:09:27", "created": "2019-10-14 06:09:27", "gameName": "金钱蛙", "gameID": "jqw", "platform": 35, "bet": 20.0, "awards": 1400000.0, "awardTime": "2017-07-17", "banner": "bigWinImgs/201707173.jpg", "isH5": false, "isXiqi": false, "name": ""}, {"id": 33, "updated": "2019-10-14 06:09:27", "created": "2019-10-14 06:09:27", "gameName": "翡翠公主", "gameID": "fcgz", "platform": 35, "bet": 50.0, "awards": 1422835.16, "awardTime": "2017-04-21", "banner": "bigWinImgs/20170421.jpg", "isH5": false, "isXiqi": false, "name": ""}, {"id": 35, "updated": "2019-10-14 06:09:27", "created": "2019-10-14 06:09:27", "gameName": "印加大奖", "gameID": "aztec", "platform": 35, "bet": 7.5, "awards": 5379000.0, "awardTime": "2017-04-05", "banner": "bigWinImgs/20170405_4mz4vYN.jpg", "isH5": false, "isXiqi": false, "name": ""}, {"id": 37, "updated": "2019-10-14 06:09:27", "created": "2019-10-14 06:09:27", "gameName": "年年有余", "gameID": "nian", "platform": 35, "bet": 90.0, "awards": 1335773.36, "awardTime": "2017-04-04", "banner": "bigWinImgs/20170404_SkvZaSO.jpg", "isH5": false, "isXiqi": false, "name": ""}, {"id": 39, "updated": "2019-10-14 06:09:27", "created": "2019-10-14 06:09:27", "gameName": "全民大奖", "gameID": "evj", "platform": 35, "bet": 4.0, "awards": 1029482.75, "awardTime": "2017-02-28", "banner": "bigWinImgs/20170228_FhB3LM7.jpg", "isH5": false, "isXiqi": false, "name": ""}], "2016": [{"id": 5, "updated": "2019-10-14 06:09:27", "created": "2019-10-14 06:09:27", "gameName": "甜蜜派对", "gameID": "cnpr", "platform": 35, "bet": 15.0, "awards": 2000000.0, "awardTime": "2016-12-11", "banner": "bigWinImgs/20161211_KLcmzyg.jpg", "isH5": false, "isXiqi": false, "name": ""}, {"id": 12, "updated": "2019-10-14 06:09:27", "created": "2019-10-14 06:09:27", "gameName": "印加大奖", "gameID": "aztec", "platform": 35, "bet": 4.0, "awards": 1004277.0, "awardTime": "2016-11-23", "banner": "bigWinImgs/20161123_OUqilrT.jpg", "isH5": false, "isXiqi": false, "name": ""}]}, "xiqi": {"2019": [{"id": 139, "updated": "2019-10-15 09:41:42", "created": "2019-10-15 09:41:42", "gameName": "跳过来", "gameID": "138", "platform": 30, "bet": 750.0, "awards": 321350.0, "awardTime": "2019-10-15", "banner": "bigWinImgs/20191015.jpg", "isH5": false, "isXiqi": true, "name": "tb***083***"}, {"id": 138, "updated": "2019-10-15 09:40:37", "created": "2019-10-15 09:40:37", "gameName": "凯洛琳夫人", "gameID": "PSS-ON-20009", "platform": 24, "bet": 600.0, "awards": 360400.0, "awardTime": "2019-10-11", "banner": "bigWinImgs/20191011.jpg", "isH5": false, "isXiqi": true, "name": "tb**ww9**"}, {"id": 137, "updated": "2019-10-15 09:38:34", "created": "2019-10-15 09:38:34", "gameName": "跳过来", "gameID": "138", "platform": 30, "bet": 2250.0, "awards": 330300.0, "awardTime": "2019-10-09", "banner": "bigWinImgs/20191010.jpg", "isH5": false, "isXiqi": true, "name": "tb***ng***"}, {"id": 136, "updated": "2019-10-15 09:37:20", "created": "2019-10-15 09:37:20", "gameName": "冰雪女王", "gameID": "115", "platform": 30, "bet": 500.0, "awards": 370000.0, "awardTime": "2019-10-08", "banner": "bigWinImgs/20191009.jpg", "isH5": false, "isXiqi": true, "name": "tb**ycy**"}, {"id": 135, "updated": "2019-10-15 09:35:35", "created": "2019-10-15 09:35:35", "gameName": "跳过来", "gameID": "138", "platform": 30, "bet": 750.0, "awards": 342275.0, "awardTime": "2019-10-03", "banner": "bigWinImgs/20191004.jpg", "isH5": false, "isXiqi": true, "name": "tb***034***"}, {"id": 133, "updated": "2019-10-15 09:33:38", "created": "2019-10-15 09:32:47", "gameName": "跳过来", "gameID": "138", "platform": 30, "bet": 375.0, "awards": 341850.0, "awardTime": "2019-09-29", "banner": "bigWinImgs/201909301.jpg", "isH5": false, "isXiqi": true, "name": "tb***034***"}, {"id": 132, "updated": "2019-10-15 09:28:56", "created": "2019-10-15 09:28:56", "gameName": "魔龙", "gameID": "168", "platform": 12, "bet": 10000.0, "awards": 440000.0, "awardTime": "2019-09-28", "banner": "bigWinImgs/20190928.jpg", "isH5": false, "isXiqi": true, "name": "tb***cz0***"}, {"id": 134, "updated": "2019-10-15 09:33:56", "created": "2019-10-15 09:33:56", "gameName": "魔龙", "gameID": "168", "platform": 12, "bet": 10000.0, "awards": 350000.0, "awardTime": "2019-09-28", "banner": "bigWinImgs/201909302.jpg", "isH5": false, "isXiqi": true, "name": "tb***cz0***"}, {"id": 131, "updated": "2019-10-15 09:27:12", "created": "2019-10-15 09:27:12", "gameName": "飞起来", "gameID": "111", "platform": 30, "bet": 1500.0, "awards": 594300.0, "awardTime": "2019-09-25", "banner": "bigWinImgs/20190926.jpg", "isH5": false, "isXiqi": true, "name": "tb****94****"}, {"id": 130, "updated": "2019-10-15 09:24:38", "created": "2019-10-15 09:24:38", "gameName": "三倍猴子", "gameID": "trpmnk", "platform": 35, "bet": 500.0, "awards": 500000.0, "awardTime": "2019-09-24", "banner": "bigWinImgs/20190925.jpg", "isH5": false, "isXiqi": true, "name": "tb**359**"}, {"id": 129, "updated": "2019-10-15 09:24:57", "created": "2019-10-15 09:20:29", "gameName": "跳过来", "gameID": "138", "platform": 30, "bet": 375.0, "awards": 391925.0, "awardTime": "2019-09-20", "banner": "bigWinImgs/20190920.jpg", "isH5": false, "isXiqi": true, "name": "tb***034***"}, {"id": 128, "updated": "2019-10-14 06:09:27", "created": "2019-10-14 06:09:27", "gameName": "三倍猴子", "gameID": "trpmnk", "platform": 35, "bet": 1000.0, "awards": 440000.0, "awardTime": "2019-09-18", "banner": "bigWinImgs/20190918.jpg", "isH5": false, "isXiqi": true, "name": ""}, {"id": 127, "updated": "2019-10-14 06:09:27", "created": "2019-10-14 06:09:27", "gameName": "金钱蛙", "gameID": "jqw", "platform": 35, "bet": 2000.0, "awards": 567000.0, "awardTime": "2019-09-16", "banner": "bigWinImgs/20190916.jpg", "isH5": false, "isXiqi": true, "name": ""}, {"id": 126, "updated": "2019-10-14 06:09:27", "created": "2019-10-14 06:09:27", "gameName": "跳过来", "gameID": "138", "platform": 30, "bet": 225.0, "awards": 556860.0, "awardTime": "2019-09-11", "banner": "bigWinImgs/20190911_2.jpg", "isH5": false, "isXiqi": true, "name": ""}, {"id": 125, "updated": "2019-10-14 06:09:27", "created": "2019-10-14 06:09:27", "gameName": "吉祥如意", "gameID": "32", "platform": 27, "bet": 6.0, "awards": 659771.01, "awardTime": "2019-09-09", "banner": "bigWinImgs/20190910.jpg", "isH5": false, "isXiqi": true, "name": ""}, {"id": 124, "updated": "2019-10-14 06:09:27", "created": "2019-10-14 06:09:27", "gameName": "湛蓝深海奖池版", "gameID": "grbjp", "platform": 26, "bet": 62.5, "awards": 312500.0, "awardTime": "2019-09-02", "banner": "bigWinImgs/20190903.jpg", "isH5": false, "isXiqi": true, "name": ""}, {"id": 122, "updated": "2019-10-14 06:09:27", "created": "2019-10-14 06:09:27", "gameName": "三倍猴子", "gameID": "aztec", "platform": 35, "bet": 500.0, "awards": 500000.0, "awardTime": "2019-08-15", "banner": "bigWinImgs/20190815.jpg", "isH5": false, "isXiqi": true, "name": ""}, {"id": 121, "updated": "2019-10-14 06:09:27", "created": "2019-10-14 06:09:27", "gameName": "凯洛琳夫人", "gameID": "PSS-ON-00009", "platform": 24, "bet": 600.0, "awards": 320000.0, "awardTime": "2019-08-13", "banner": "bigWinImgs/20190814.jpg", "isH5": false, "isXiqi": true, "name": ""}, {"id": 123, "updated": "2019-10-14 06:09:27", "created": "2019-10-14 06:09:27", "gameName": "犎牛闪电突击", "gameID": "bfb", "platform": 35, "bet": 400.0, "awards": 332900.0, "awardTime": "2019-08-10", "banner": "bigWinImgs/201908102.jpg", "isH5": false, "isXiqi": true, "name": ""}, {"id": 113, "updated": "2019-10-14 06:09:27", "created": "2019-10-14 06:09:27", "gameName": "花好月圆(彩金)", "gameID": "PSS-ON-00073", "platform": 24, "bet": 5.0, "awards": 426465.31, "awardTime": "2019-08-05", "banner": "bigWinImgs/20190805.jpg", "isH5": false, "isXiqi": true, "name": ""}, {"id": 112, "updated": "2019-10-14 06:09:27", "created": "2019-10-14 06:09:27", "gameName": "天子", "gameID": "PSS-ON-00019", "platform": 24, "bet": 0.0, "awards": 540000.0, "awardTime": "2019-08-04", "banner": "bigWinImgs/20190804.jpg", "isH5": false, "isXiqi": true, "name": ""}, {"id": 109, "updated": "2019-10-14 06:09:27", "created": "2019-10-14 06:09:27", "gameName": "大熊猫", "gameID": "14", "platform": 27, "bet": 1500.0, "awards": 641372.62, "awardTime": "2019-08-02", "banner": "bigWinImgs/20190803.jpg", "isH5": false, "isXiqi": true, "name": ""}, {"id": 115, "updated": "2019-10-15 09:21:18", "created": "2019-10-14 06:09:27", "gameName": "海滨消消乐", "gameID": "104", "platform": 30, "bet": 500.0, "awards": 397800.0, "awardTime": "2019-08-02", "banner": "bigWinImgs/20190802_qVfplUx.jpg", "isH5": false, "isXiqi": true, "name": "tb***we"}, {"id": 101, "updated": "2019-10-14 06:09:27", "created": "2019-10-14 06:09:27", "gameName": "三倍猴子", "gameID": "trpmnk", "platform": 35, "bet": 5000.0, "awards": 500000.0, "awardTime": "2019-07-29", "banner": "bigWinImgs/20190729_4.jpg", "isH5": false, "isXiqi": true, "name": ""}, {"id": 102, "updated": "2019-10-14 06:09:27", "created": "2019-10-14 06:09:27", "gameName": "三倍猴子", "gameID": "trpmnk", "platform": 35, "bet": 5000.0, "awards": 500000.0, "awardTime": "2019-07-29", "banner": "bigWinImgs/20190729_5.jpg", "isH5": false, "isXiqi": true, "name": ""}, {"id": 103, "updated": "2019-10-14 06:09:27", "created": "2019-10-14 06:09:27", "gameName": "三倍猴子", "gameID": "trpmnk", "platform": 35, "bet": 5000.0, "awards": 600000.0, "awardTime": "2019-07-29", "banner": "bigWinImgs/20190729_6.jpg", "isH5": false, "isXiqi": true, "name": ""}, {"id": 114, "updated": "2019-10-14 06:09:27", "created": "2019-10-14 06:09:27", "gameName": "三倍猴子", "gameID": "trpmnk", "platform": 35, "bet": 5000.0, "awards": 500000.0, "awardTime": "2019-07-29", "banner": "bigWinImgs/20190729.jpg", "isH5": false, "isXiqi": true, "name": ""}, {"id": 108, "updated": "2019-10-14 06:09:27", "created": "2019-10-14 06:09:27", "gameName": "犎牛闪电突击", "gameID": "bfb", "platform": 35, "bet": 200.0, "awards": 527600.0, "awardTime": "2019-07-28", "banner": "bigWinImgs/20190730.jpg", "isH5": false, "isXiqi": true, "name": ""}, {"id": 106, "updated": "2019-10-14 06:09:27", "created": "2019-10-14 06:09:27", "gameName": "犎牛闪电突击", "gameID": "bfb", "platform": 35, "bet": 400.0, "awards": 508850.0, "awardTime": "2019-07-24", "banner": "bigWinImgs/20190724.jpg", "isH5": false, "isXiqi": true, "name": ""}, {"id": 107, "updated": "2019-10-14 06:09:27", "created": "2019-10-14 06:09:27", "gameName": "金钱蛙", "gameID": "jqw", "platform": 26, "bet": 2000.0, "awards": 434750.0, "awardTime": "2019-07-24", "banner": "bigWinImgs/20190725.jpg", "isH5": false, "isXiqi": true, "name": ""}, {"id": 105, "updated": "2019-10-14 06:09:27", "created": "2019-10-14 06:09:27", "gameName": "凯洛琳夫人", "gameID": "PSS-ON-00009", "platform": 24, "bet": 300.0, "awards": 484000.0, "awardTime": "2019-07-22", "banner": "bigWinImgs/20190723.jpg", "isH5": false, "isXiqi": true, "name": ""}, {"id": 104, "updated": "2019-10-14 06:09:27", "created": "2019-10-14 06:09:27", "gameName": "跳高高", "gameID": "52", "platform": 30, "bet": 600.0, "awards": 499380.0, "awardTime": "2019-07-20", "banner": "bigWinImgs/20190722.jpg", "isH5": false, "isXiqi": true, "name": ""}, {"id": 95, "updated": "2019-10-14 06:09:27", "created": "2019-10-14 06:09:27", "gameName": "犎牛闪电突击", "gameID": "bfb", "platform": 35, "bet": 200.0, "awards": 325200.0, "awardTime": "2019-07-15", "banner": "bigWinImgs/201907162.jpg", "isH5": false, "isXiqi": true, "name": ""}, {"id": 92, "updated": "2019-10-14 06:09:27", "created": "2019-10-14 06:09:27", "gameName": "跳更高", "gameID": "99", "platform": 30, "bet": 73254.51, "awards": 518400.0, "awardTime": "2019-07-11", "banner": "bigWinImgs/20190713750.jpg", "isH5": false, "isXiqi": true, "name": ""}, {"id": 93, "updated": "2019-10-14 06:09:27", "created": "2019-10-14 06:09:27", "gameName": "跳更高", "gameID": "99", "platform": 30, "bet": 57914.9, "awards": 345600.0, "awardTime": "2019-07-11", "banner": "bigWinImgs/20190715750.jpg", "isH5": false, "isXiqi": true, "name": ""}, {"id": 94, "updated": "2019-10-14 06:09:27", "created": "2019-10-14 06:09:27", "gameName": "跳更高", "gameID": "99", "platform": 30, "bet": 168892.35, "awards": 518400.0, "awardTime": "2019-07-11", "banner": "bigWinImgs/20190716.jpg", "isH5": false, "isXiqi": true, "name": ""}, {"id": 96, "updated": "2019-10-14 06:09:27", "created": "2019-10-14 06:09:27", "gameName": "跳更高", "gameID": "99", "platform": 30, "bet": 44140.54, "awards": 345600.0, "awardTime": "2019-07-11", "banner": "bigWinImgs/20190717.jpg", "isH5": false, "isXiqi": true, "name": ""}, {"id": 97, "updated": "2019-10-14 06:09:27", "created": "2019-10-14 06:09:27", "gameName": "冰雪女王", "gameID": "115", "platform": 30, "bet": 2000.0, "awards": 414000.0, "awardTime": "2019-07-11", "banner": "bigWinImgs/20190718.jpg", "isH5": false, "isXiqi": true, "name": ""}, {"id": 87, "updated": "2019-10-14 06:09:27", "created": "2019-10-14 06:09:27", "gameName": "跳高高", "gameID": "52", "platform": 30, "bet": 1250.0, "awards": 336000.0, "awardTime": "2019-07-07", "banner": "bigWinImgs/20190707.jpg", "isH5": false, "isXiqi": true, "name": ""}, {"id": 88, "updated": "2019-10-14 06:09:27", "created": "2019-10-14 06:09:27", "gameName": "一本万利", "gameID": "25", "platform": 27, "bet": 25.0, "awards": 650183.98, "awardTime": "2019-07-04", "banner": "bigWinImgs/20190704.jpg", "isH5": false, "isXiqi": true, "name": ""}, {"id": 86, "updated": "2019-10-14 06:09:27", "created": "2019-10-14 06:09:27", "gameName": "金钱蛙", "gameID": "jqw", "platform": 26, "bet": 2000.0, "awards": 339000.0, "awardTime": "2019-07-03", "banner": "bigWinImgs/20190703.jpg", "isH5": false, "isXiqi": true, "name": ""}, {"id": 85, "updated": "2019-10-14 06:09:27", "created": "2019-10-14 06:09:27", "gameName": "五虎将", "gameID": "ftg", "platform": 35, "bet": 48.0, "awards": 527674.91, "awardTime": "2019-07-01", "banner": "bigWinImgs/20190701.jpg", "isH5": false, "isXiqi": true, "name": ""}, {"id": 84, "updated": "2019-10-14 06:09:27", "created": "2019-10-14 06:09:27", "gameName": "亡命对决2", "gameID": "deadoralive2_mobile_html_sw", "platform": 34, "bet": 9.0, "awards": 400000.0, "awardTime": "2019-06-05", "banner": "bigWinImgs/201906033.jpg", "isH5": false, "isXiqi": true, "name": ""}, {"id": 83, "updated": "2019-10-14 06:09:27", "created": "2019-10-14 06:09:27", "gameName": "猛龙传奇", "gameID": "156", "platform": 12, "bet": 1000.0, "awards": 499000.0, "awardTime": "2019-06-04", "banner": "bigWinImgs/201906032.jpg", "isH5": false, "isXiqi": true, "name": ""}, {"id": 82, "updated": "2019-10-14 06:09:27", "created": "2019-10-14 06:09:27", "gameName": "印加帝国", "gameID": "aztec", "platform": 35, "bet": 4.0, "awards": 526000.0, "awardTime": "2019-06-03", "banner": "bigWinImgs/201906031.jpg", "isH5": false, "isXiqi": true, "name": ""}, {"id": 81, "updated": "2019-10-14 06:09:27", "created": "2019-10-14 06:09:27", "gameName": "跳高高", "gameID": "52", "platform": 30, "bet": 300.0, "awards": 384000.0, "awardTime": "2019-06-01", "banner": "bigWinImgs/201905312.jpg", "isH5": false, "isXiqi": true, "name": ""}, {"id": 80, "updated": "2019-10-14 06:09:27", "created": "2019-10-14 06:09:27", "gameName": "飞龙在天", "gameID": "gtsflzt", "platform": 35, "bet": 400.0, "awards": 408000.0, "awardTime": "2019-05-31", "banner": "bigWinImgs/201905311.jpg", "isH5": false, "isXiqi": true, "name": ""}, {"id": 79, "updated": "2019-10-14 06:09:27", "created": "2019-10-14 06:09:27", "gameName": "飞龙在天", "gameID": "gtsflzt", "platform": 35, "bet": 400.0, "awards": 307120.0, "awardTime": "2019-05-30", "banner": "bigWinImgs/20190530.jpg", "isH5": false, "isXiqi": true, "name": ""}, {"id": 77, "updated": "2019-10-14 06:09:27", "created": "2019-10-14 06:09:27", "gameName": "跳更高", "gameID": "99", "platform": 30, "bet": 300.0, "awards": 315000.0, "awardTime": "2019-05-26", "banner": "bigWinImgs/201905261.jpg", "isH5": false, "isXiqi": true, "name": ""}, {"id": 78, "updated": "2019-10-14 06:09:27", "created": "2019-10-14 06:09:27", "gameName": "跳起来", "gameID": "7", "platform": 30, "bet": 400.0, "awards": 414000.0, "awardTime": "2019-05-26", "banner": "bigWinImgs/201905262.jpg", "isH5": false, "isXiqi": true, "name": ""}, {"id": 75, "updated": "2019-10-14 06:09:27", "created": "2019-10-14 06:09:27", "gameName": "印加帝国", "gameID": "aztec", "platform": 35, "bet": 20.0, "awards": 744000.0, "awardTime": "2019-05-10", "banner": "bigWinImgs/201905101.jpg", "isH5": false, "isXiqi": true, "name": ""}, {"id": 76, "updated": "2019-10-14 06:09:27", "created": "2019-10-14 06:09:27", "gameName": "爆炸糖2", "gameID": "8", "platform": 27, "bet": 15.0, "awards": 670000.0, "awardTime": "2019-05-10", "banner": "bigWinImgs/201905102.jpg", "isH5": false, "isXiqi": true, "name": ""}, {"id": 74, "updated": "2019-10-14 06:09:27", "created": "2019-10-14 06:09:27", "gameName": "三倍猴子", "gameID": "trpmnk", "platform": 35, "bet": 1870.0, "awards": 450000.0, "awardTime": "2019-05-08", "banner": "bigWinImgs/20190508.jpg", "isH5": false, "isXiqi": true, "name": ""}, {"id": 73, "updated": "2019-10-14 06:09:27", "created": "2019-10-14 06:09:27", "gameName": "不朽的浪漫", "gameID": "immortalRomance", "platform": 17, "bet": 27.0, "awards": 328050.0, "awardTime": "2019-05-03", "banner": "bigWinImgs/20190503.jpg", "isH5": false, "isXiqi": true, "name": ""}, {"id": 72, "updated": "2019-10-14 06:09:27", "created": "2019-10-14 06:09:27", "gameName": "武圣", "gameID": "27", "platform": 30, "bet": 31.0, "awards": 405000.0, "awardTime": "2019-04-14", "banner": "bigWinImgs/20190414.jpg", "isH5": false, "isXiqi": true, "name": ""}, {"id": 71, "updated": "2019-10-14 06:09:27", "created": "2019-10-14 06:09:27", "gameName": "印加帝国", "gameID": "aztec", "platform": 35, "bet": 4.0, "awards": 623883.78, "awardTime": "2019-04-10", "banner": "bigWinImgs/20190410.jpg", "isH5": false, "isXiqi": true, "name": ""}, {"id": 70, "updated": "2019-10-14 06:09:27", "created": "2019-10-14 06:09:27", "gameName": "猛龙传奇", "gameID": "156", "platform": 12, "bet": 800.0, "awards": 400000.0, "awardTime": "2019-03-30", "banner": "bigWinImgs/20190330.jpg", "isH5": false, "isXiqi": true, "name": ""}, {"id": 69, "updated": "2019-10-14 06:09:27", "created": "2019-10-14 06:09:27", "gameName": "翻倍财神", "gameID": "sw_fbcs", "platform": 22, "bet": 300.0, "awards": 300000.0, "awardTime": "2019-03-26", "banner": "bigWinImgs/20190326.jpg", "isH5": false, "isXiqi": true, "name": ""}, {"id": 68, "updated": "2019-10-14 06:09:27", "created": "2019-10-14 06:09:27", "gameName": "爆爆果", "gameID": "berryburst_mobile_html_sw", "platform": 34, "bet": 1000.0, "awards": 549000.0, "awardTime": "2019-03-22", "banner": "bigWinImgs/20190322.jpg", "isH5": false, "isXiqi": true, "name": ""}, {"id": 67, "updated": "2019-10-14 06:09:27", "created": "2019-10-14 06:09:27", "gameName": "紫热", "gameID": "phot", "platform": 35, "bet": 200.0, "awards": 614346.09, "awardTime": "2019-03-20", "banner": "bigWinImgs/20190320.jpg", "isH5": false, "isXiqi": true, "name": ""}, {"id": 66, "updated": "2019-10-14 06:09:27", "created": "2019-10-14 06:09:27", "gameName": "海滨消消乐", "gameID": "104", "platform": 30, "bet": 50.0, "awards": 402680.0, "awardTime": "2019-03-19", "banner": "bigWinImgs/20190319.jpg", "isH5": false, "isXiqi": true, "name": ""}, {"id": 65, "updated": "2019-10-14 06:09:27", "created": "2019-10-14 06:09:27", "gameName": "超级赢", "gameID": "PSS-ON-00112", "platform": 24, "bet": 5.0, "awards": 424186.4, "awardTime": "2019-03-18", "banner": "bigWinImgs/20190318_J3xQ6sM.jpg", "isH5": false, "isXiqi": true, "name": ""}, {"id": 64, "updated": "2019-10-14 06:09:27", "created": "2019-10-14 06:09:27", "gameName": "八宝一后", "gameID": "treasq", "platform": 35, "bet": 1250.0, "awards": 480000.0, "awardTime": "2019-03-13", "banner": "bigWinImgs/20190313.jpg", "isH5": false, "isXiqi": true, "name": ""}, {"id": 63, "updated": "2019-10-14 06:09:27", "created": "2019-10-14 06:09:27", "gameName": "八宝一后", "gameID": "treasq", "platform": 35, "bet": 1250.0, "awards": 400000.0, "awardTime": "2019-03-02", "banner": "bigWinImgs/20190302.jpg", "isH5": false, "isXiqi": true, "name": ""}, {"id": 62, "updated": "2019-10-14 06:09:27", "created": "2019-10-14 06:09:27", "gameName": "法力无边", "gameID": "vs25wildspells", "platform": 23, "bet": 250.0, "awards": 312000.0, "awardTime": "2019-03-01", "banner": "bigWinImgs/201902273.jpg", "isH5": false, "isXiqi": true, "name": ""}, {"id": 61, "updated": "2019-10-14 06:09:27", "created": "2019-10-14 06:09:27", "gameName": "冰上曲棍球", "gameID": "41", "platform": 27, "bet": 10.0, "awards": 397000.0, "awardTime": "2019-02-28", "banner": "bigWinImgs/201902272.jpg", "isH5": false, "isXiqi": true, "name": ""}, {"id": 60, "updated": "2019-10-14 06:09:27", "created": "2019-10-14 06:09:27", "gameName": "印加帝国", "gameID": "aztec", "platform": 35, "bet": 8.0, "awards": 738000.0, "awardTime": "2019-02-27", "banner": "bigWinImgs/201902271.jpg", "isH5": false, "isXiqi": true, "name": ""}, {"id": 59, "updated": "2019-10-14 06:09:27", "created": "2019-10-14 06:09:27", "gameName": "云从龙", "gameID": "yclong", "platform": 35, "bet": 80.0, "awards": 400000.0, "awardTime": "2019-02-22", "banner": "bigWinImgs/20190222.jpg", "isH5": false, "isXiqi": true, "name": ""}, {"id": 58, "updated": "2019-10-14 06:09:27", "created": "2019-10-14 06:09:27", "gameName": "年年有余", "gameID": "nian", "platform": 35, "bet": 90.0, "awards": 407619.12, "awardTime": "2019-02-17", "banner": "bigWinImgs/20190217.jpg", "isH5": false, "isXiqi": true, "name": ""}, {"id": 57, "updated": "2019-10-14 06:09:27", "created": "2019-10-14 06:09:27", "gameName": "紫热", "gameID": "phot", "platform": 35, "bet": 20.0, "awards": 326512.5, "awardTime": "2019-02-13", "banner": "bigWinImgs/20190213.jpg", "isH5": false, "isXiqi": true, "name": ""}, {"id": 56, "updated": "2019-10-14 06:09:27", "created": "2019-10-14 06:09:27", "gameName": "云从龙", "gameID": "yclong", "platform": 35, "bet": 400.0, "awards": 515000.0, "awardTime": "2019-02-12", "banner": "bigWinImgs/20190212.jpg", "isH5": false, "isXiqi": true, "name": ""}, {"id": 55, "updated": "2019-10-14 06:09:27", "created": "2019-10-14 06:09:27", "gameName": "冰上曲棍球", "gameID": "41", "platform": 27, "bet": 10.0, "awards": 349853.77, "awardTime": "2019-02-09", "banner": "bigWinImgs/20190209.jpg", "isH5": false, "isXiqi": true, "name": ""}, {"id": 54, "updated": "2019-10-14 06:09:27", "created": "2019-10-14 06:09:27", "gameName": "直式火烧连环船", "gameID": "139", "platform": 30, "bet": 360.0, "awards": 308880.0, "awardTime": "2019-01-21", "banner": "bigWinImgs/201901192.jpg", "isH5": false, "isXiqi": true, "name": ""}, {"id": 53, "updated": "2019-10-14 06:09:27", "created": "2019-10-14 06:09:27", "gameName": "八宝一后", "gameID": "treasq", "platform": 35, "bet": 500.0, "awards": 300000.0, "awardTime": "2019-01-19", "banner": "bigWinImgs/20190119.jpg", "isH5": false, "isXiqi": true, "name": ""}, {"id": 52, "updated": "2019-10-14 06:09:27", "created": "2019-10-14 06:09:27", "gameName": "猛龙传奇", "gameID": "156", "platform": 12, "bet": 250.0, "awards": 400000.0, "awardTime": "2019-01-13", "banner": "bigWinImgs/201901123.jpg", "isH5": false, "isXiqi": true, "name": ""}, {"id": 50, "updated": "2019-10-14 06:09:27", "created": "2019-10-14 06:09:27", "gameName": "印加帝国", "gameID": "aztec", "platform": 35, "bet": 20.0, "awards": 699000.0, "awardTime": "2019-01-12", "banner": "bigWinImgs/201901121.jpg", "isH5": false, "isXiqi": true, "name": ""}, {"id": 51, "updated": "2019-10-14 06:09:27", "created": "2019-10-14 06:09:27", "gameName": "圣诞来啦", "gameID": "141", "platform": 30, "bet": 250.0, "awards": 500000.0, "awardTime": "2019-01-12", "banner": "bigWinImgs/201901122.jpg", "isH5": false, "isXiqi": true, "name": ""}, {"id": 49, "updated": "2019-10-14 06:09:27", "created": "2019-10-14 06:09:27", "gameName": "三倍猴子", "gameID": "trpmnk", "platform": 35, "bet": 500.0, "awards": 500000.0, "awardTime": "2019-01-08", "banner": "bigWinImgs/20190108.jpg", "isH5": false, "isXiqi": true, "name": ""}], "2018": [{"id": 48, "updated": "2019-10-14 06:09:27", "created": "2019-10-14 06:09:27", "gameName": "三倍猴子", "gameID": "trpmnk", "platform": 35, "bet": 500.0, "awards": 500000.0, "awardTime": "2018-12-23", "banner": "bigWinImgs/20181223.jpg", "isH5": false, "isXiqi": true, "name": ""}]}, "total": 205562270.96}